gvkey,gvkeyx,from,thru,conm,tic,co_conm,co_tic
001078,000003,19640331,,S&P 500 Comp-Ltd,I0003,ABBOTT LABORATORIES,ABT
001300,000003,19640331,,S&P 500 Comp-Ltd,I0003,HONEYWELL INTERNATIONAL INC,HON
001356,000003,19640331,,S&P 500 Comp-Ltd,I0003,ALCOA INC,AA
001440,000003,19640331,,S&P 500 Comp-Ltd,I0003,AMERICAN ELECTRIC POWER CO,AEP
001976,000003,19640331,,S&P 500 Comp-Ltd,I0003,BAKER HUGHES INC,BHI
002285,000003,19640331,,S&P 500 Comp-Ltd,I0003,BOEING CO,BA
002403,000003,19640331,,S&P 500 Comp-Ltd,I0003,BRISTOL-MYERS SQUIBB CO,BMY
002663,000003,19640331,,S&P 500 Comp-Ltd,I0003,CAMPBELL SOUP CO,CPB
002817,000003,19640331,,S&P 500 Comp-Ltd,I0003,CATERPILLAR INC,CAT
002991,000003,19640331,,S&P 500 Comp-Ltd,I0003,CHEVRON CORP,CVX
003144,000003,19640331,,S&P 500 Comp-Ltd,I0003,COCA-COLA CO,KO
003170,000003,19640331,,S&P 500 Comp-Ltd,I0003,COLGATE-PALMOLIVE CO,CL
003413,000003,19640331,,S&P 500 Comp-Ltd,I0003,CONSOLIDATED EDISON INC,ED
003532,000003,19640331,,S&P 500 Comp-Ltd,I0003,CORNING INC,GLW
003835,000003,19640331,,S&P 500 Comp-Ltd,I0003,DEERE & CO,DE
003897,000003,19640331,,S&P 500 Comp-Ltd,I0003,DTE ENERGY CO,DTE
004029,000003,19640331,,S&P 500 Comp-Ltd,I0003,DOMINION RESOURCES INC,D
004060,000003,19640331,,S&P 500 Comp-Ltd,I0003,DOW CHEMICAL,DOW
004087,000003,19640331,,S&P 500 Comp-Ltd,I0003,DU PONT (E I) DE NEMOURS,DD
004199,000003,19640331,,S&P 500 Comp-Ltd,I0003,EATON CORP PLC,ETN
004503,000003,19640331,,S&P 500 Comp-Ltd,I0003,EXXON MOBIL CORP,XOM
004839,000003,19640331,,S&P 500 Comp-Ltd,I0003,FORD MOTOR CO,F
005046,000003,19640331,,S&P 500 Comp-Ltd,I0003,GENERAL DYNAMICS CORP,GD
005047,000003,19640331,,S&P 500 Comp-Ltd,I0003,GENERAL ELECTRIC CO,GE
005234,000003,19640331,,S&P 500 Comp-Ltd,I0003,GOODYEAR TIRE & RUBBER CO,GT
005439,000003,19640331,,S&P 500 Comp-Ltd,I0003,HALLIBURTON CO,HAL
005597,000003,19640331,,S&P 500 Comp-Ltd,I0003,HERSHEY CO,HSY
006066,000003,19640331,,S&P 500 Comp-Ltd,I0003,INTL BUSINESS MACHINES CORP,IBM
006104,000003,19640331,,S&P 500 Comp-Ltd,I0003,INTL PAPER CO,IP
006375,000003,19640331,,S&P 500 Comp-Ltd,I0003,KELLOGG CO,K
006435,000003,19640331,,S&P 500 Comp-Ltd,I0003,KIMBERLY-CLARK CORP,KMB
006502,000003,19640331,,S&P 500 Comp-Ltd,I0003,KROGER CO,KR
007163,000003,19640331,,S&P 500 Comp-Ltd,I0003,MCGRAW HILL FINANCIAL,MHFI
007241,000003,19640331,,S&P 500 Comp-Ltd,I0003,CVS HEALTH CORP,CVS
007257,000003,19640331,,S&P 500 Comp-Ltd,I0003,MERCK & CO,MRK
007366,000003,19640331,,S&P 500 Comp-Ltd,I0003,ENTERGY CORP,ETR
007435,000003,19640331,,S&P 500 Comp-Ltd,I0003,3M CO,MMM
007585,000003,19640331,,S&P 500 Comp-Ltd,I0003,MOTOROLA SOLUTIONS INC,MSI
007923,000003,19640331,,S&P 500 Comp-Ltd,I0003,NORFOLK SOUTHERN CORP,NSC
007977,000003,19640331,,S&P 500 Comp-Ltd,I0003,XCEL ENERGY INC,XEL
008099,000003,19640331,,S&P 500 Comp-Ltd,I0003,FIRSTENERGY CORP,FE
008247,000003,19640331,,S&P 500 Comp-Ltd,I0003,PPG INDUSTRIES INC,PPG
008264,000003,19640331,,S&P 500 Comp-Ltd,I0003,PG&E CORP,PCG
008272,000003,19640331,,S&P 500 Comp-Ltd,I0003,SEMPRA ENERGY,SRE
008479,000003,19640331,,S&P 500 Comp-Ltd,I0003,PEPSICO INC,PEP
008530,000003,19640331,,S&P 500 Comp-Ltd,I0003,PFIZER INC,PFE
008539,000003,19640331,,S&P 500 Comp-Ltd,I0003,EXELON CORP,EXC
008543,000003,19640331,,S&P 500 Comp-Ltd,I0003,ALTRIA GROUP INC,MO
008549,000003,19640331,,S&P 500 Comp-Ltd,I0003,CONOCOPHILLIPS,COP
008606,000003,19640331,,S&P 500 Comp-Ltd,I0003,PITNEY BOWES INC,PBI
008762,000003,19640331,,S&P 500 Comp-Ltd,I0003,PROCTER & GAMBLE CO,PG
008810,000003,19640331,,S&P 500 Comp-Ltd,I0003,PUBLIC SERVICE ENTRP GRP INC,PEG
008972,000003,19640331,,S&P 500 Comp-Ltd,I0003,RAYTHEON CO,RTN
009203,000003,19640331,,S&P 500 Comp-Ltd,I0003,ROCKWELL AUTOMATION,ROK
009846,000003,19640331,,S&P 500 Comp-Ltd,I0003,EDISON INTERNATIONAL,EIX
009850,000003,19640331,,S&P 500 Comp-Ltd,I0003,SOUTHERN CO,SO
010499,000003,19640331,,S&P 500 Comp-Ltd,I0003,TEXAS INSTRUMENTS INC,TXN
010867,000003,19640331,,S&P 500 Comp-Ltd,I0003,UNION PACIFIC CORP,UNP
010983,000003,19640331,,S&P 500 Comp-Ltd,I0003,UNITED TECHNOLOGIES CORP,UTX
011446,000003,19640331,,S&P 500 Comp-Ltd,I0003,MEADWESTVACO CORP,MWV
011456,000003,19640331,,S&P 500 Comp-Ltd,I0003,WEYERHAEUSER CO,WY
011465,000003,19640331,,S&P 500 Comp-Ltd,I0003,WHIRLPOOL CORP,WHR
011636,000003,19640331,,S&P 500 Comp-Ltd,I0003,XEROX CORP,XRX
003419,000003,19640331,20000130,S&P 500 Comp-Ltd,I0003,CONSOLIDATED NATURAL GAS CO,D2
004864,000003,19640331,20000130,S&P 500 Comp-Ltd,I0003,FOSTER WHEELER AG,FWLT
001848,000003,19640331,20000417,S&P 500 Comp-Ltd,I0003,ATLANTIC RICHFIELD CO,ARC.3
009114,000003,19640331,20000504,S&P 500 Comp-Ltd,I0003,REYNOLDS METALS CO,RLM.1
011436,000003,19640331,20000504,S&P 500 Comp-Ltd,I0003,CBS CORP -OLD,CBS.2
007938,000003,19640331,20000604,S&P 500 Comp-Ltd,I0003,NACCO INDUSTRIES  -CL A,NC
002847,000003,19640331,20000615,S&P 500 Comp-Ltd,I0003,CENTRAL & SOUTH WEST CORP,CSR.1
011288,000003,19640331,20000620,S&P 500 Comp-Ltd,I0003,WARNER-LAMBERT CO,WLA
003041,000003,19640331,20000628,S&P 500 Comp-Ltd,I0003,MILACRON INC,MZIAQ
004961,000003,19640331,20000702,S&P 500 Comp-Ltd,I0003,GTE CORP,GTE.1
005301,000003,19640331,20000829,S&P 500 Comp-Ltd,I0003,GREAT ATLANTIC & PAC TEA CO,GAPTQ
008214,000003,19640331,20001001,S&P 500 Comp-Ltd,I0003,OWENS CORNING,OC
002562,000003,19640331,20001002,S&P 500 Comp-Ltd,I0003,BESTFOODS,BFO.2
003255,000003,19640331,20001022,S&P 500 Comp-Ltd,I0003,UNICOM CORP,UCM.2
003206,000003,19640331,20001101,S&P 500 Comp-Ltd,I0003,COLUMBIA ENERGY GROUP,NI2
001762,000003,19640331,20001116,S&P 500 Comp-Ltd,I0003,ARMSTRONG HOLDINGS INC,3ACKH
002189,000003,19640331,20001210,S&P 500 Comp-Ltd,I0003,BETHLEHEM STEEL CORP,3BHMSQ
003619,000003,19640331,20001210,S&P 500 Comp-Ltd,I0003,CROWN HOLDINGS INC,CCK
005250,000003,19640331,20001210,S&P 500 Comp-Ltd,I0003,GRACE (W R) & CO,GRA
009548,000003,19640331,20001210,S&P 500 Comp-Ltd,I0003,SEAGRAM CO LTD,VO.3
008657,000003,19640331,20001211,S&P 500 Comp-Ltd,I0003,PRIMARY PDC INC,PRDCQ
010857,000003,19640331,20010206,S&P 500 Comp-Ltd,I0003,UNION CARBIDE CORP,DOW2
008852,000003,19640331,20010802,S&P 500 Comp-Ltd,I0003,QUAKER OATS CO,OAT.
010581,000003,19640331,20010806,S&P 500 Comp-Ltd,I0003,TIMKEN CO,TKR
008151,000003,19640331,20010829,S&P 500 Comp-Ltd,I0003,ONEOK INC,OKE
010482,000003,19640331,20011009,S&P 500 Comp-Ltd,I0003,TEXACO INC,TX.2
006127,000003,19640331,20011129,S&P 500 Comp-Ltd,I0003,ENRON CORP,ENRNQ
005686,000003,19640331,20011216,S&P 500 Comp-Ltd,I0003,HOMESTAKE MINING,HM
004510,000003,19640331,20020101,S&P 500 Comp-Ltd,I0003,FMC CORP,FMC
006307,000003,19640331,20020116,S&P 500 Comp-Ltd,I0003,SEARS HOLDINGS CORP,SHLD
007180,000003,19640331,20020129,S&P 500 Comp-Ltd,I0003,MEAD CORP,MEA.1
007892,000003,19640331,20020131,S&P 500 Comp-Ltd,I0003,NIAGARA MOHAWK HOLDINGS INC,NMK
001243,000003,19640331,20020721,S&P 500 Comp-Ltd,I0003,ALCAN INC,AL.1
005905,000003,19640331,20020721,S&P 500 Comp-Ltd,I0003,INCO LTD,INCLF
009267,000003,19640331,20020721,S&P 500 Comp-Ltd,I0003,ROYAL DUTCH PETROLEUM NV,RDPL
010846,000003,19640331,20020721,S&P 500 Comp-Ltd,I0003,UNILEVER NV,UN
010301,000003,19640331,20021211,S&P 500 Comp-Ltd,I0003,TRW INC,TRW.1
001045,000003,19640331,20030313,S&P 500 Comp-Ltd,I0003,AMERICAN AIRLINES GROUP INC,AAL
005735,000003,19640331,20030330,S&P 500 Comp-Ltd,I0003,HSBC FINANCE CORP,HBC1
007536,000003,19640331,20030415,S&P 500 Comp-Ltd,I0003,PHARMACIA CORP,PHA.1
011535,000003,19640331,20041202,S&P 500 Comp-Ltd,I0003,WINN-DIXIE STORES INC,WINN
003580,000003,19640331,20041219,S&P 500 Comp-Ltd,I0003,CRANE CO,CR
009563,000003,19640331,20050327,S&P 500 Comp-Ltd,I0003,SEARS ROEBUCK & CO,S.1
011038,000003,19640331,20050810,S&P 500 Comp-Ltd,I0003,UNOCAL CORP,UCL
007127,000003,19640331,20050828,S&P 500 Comp-Ltd,I0003,MAY DEPARTMENT STORES CO,MAY.2
005169,000003,19640331,20051002,S&P 500 Comp-Ltd,I0003,GILLETTE CO,G.1
001581,000003,19640331,20051120,S&P 500 Comp-Ltd,I0003,AT&T CORP,T.2
005134,000003,19640331,20051219,S&P 500 Comp-Ltd,I0003,GEORGIA-PACIFIC CORP,GP.1
003734,000003,19640331,20060302,S&P 500 Comp-Ltd,I0003,DANA HOLDING CORP,DAN
007139,000003,19640331,20060402,S&P 500 Comp-Ltd,I0003,MAYTAG CORP,MYG.1
006081,000003,19640331,20061219,S&P 500 Comp-Ltd,I0003,NAVISTAR INTERNATIONAL CORP,NAV
008470,000003,19640331,20070221,S&P 500 Comp-Ltd,I0003,PEOPLES ENERGY CORP,PGL.1
008536,000003,19640331,20070319,S&P 500 Comp-Ltd,I0003,PHELPS DODGE CORP,PD
010507,000003,19640331,20071009,S&P 500 Comp-Ltd,I0003,ENERGY FUTURE HOLDINGS CORP,0033A
011609,000003,19640331,20081006,S&P 500 Comp-Ltd,I0003,WRIGLEY (WM) JR CO,WWY
002504,000003,19640331,20081110,S&P 500 Comp-Ltd,I0003,UNISYS CORP,UIS
005589,000003,19640331,20081113,S&P 500 Comp-Ltd,I0003,HERCULES INC,HPC
005073,000003,19640331,20090602,S&P 500 Comp-Ltd,I0003,GENERAL MOTORS CO,GM
005959,000003,19640331,20090630,S&P 500 Comp-Ltd,I0003,INGERSOLL-RAND PLC,IR
003497,000003,19640331,20090908,S&P 500 Comp-Ltd,I0003,COOPER INDUSTRIES PLC,CBE
001478,000003,19640331,20091015,S&P 500 Comp-Ltd,I0003,WYETH,WYE
009459,000003,19640331,20091103,S&P 500 Comp-Ltd,I0003,SCHERING-PLOUGH,SGP
002490,000003,19640331,20100215,S&P 500 Comp-Ltd,I0003,BURLINGTON NORTHERN SANTA FE,BRK3
004194,000003,19640331,20101219,S&P 500 Comp-Ltd,I0003,EASTMAN KODAK CO,KODK
005860,000003,19640331,20111031,S&P 500 Comp-Ltd,I0003,ITT CORP,ITT
001995,000003,19640331,20120313,S&P 500 Comp-Ltd,I0003,CONSTELLATION ENERGY GRP INC,CEG
005229,000003,19640331,20120730,S&P 500 Comp-Ltd,I0003,GOODRICH CORP,GR
005568,000003,19640331,20130606,S&P 500 Comp-Ltd,I0003,HEINZ (H J) CO,HNZ
008446,000003,19640331,20131201,S&P 500 Comp-Ltd,I0003,PENNEY (J C) CO,JCP
001408,000003,19640331,20140430,S&P 500 Comp-Ltd,I0003,BEAM INC,BEAM
009667,000003,19640630,,S&P 500 Comp-Ltd,I0003,SHERWIN-WILLIAMS CO,SHW
010576,000003,19640630,20010115,S&P 500 Comp-Ltd,I0003,TIME WARNER INC-OLD,TWX.1
003650,000003,19650331,,S&P 500 Comp-Ltd,I0003,CUMMINS INC,CMI
004321,000003,19650331,,S&P 500 Comp-Ltd,I0003,EMERSON ELECTRIC CO,EMR
009465,000003,19650331,,S&P 500 Comp-Ltd,I0003,SCHLUMBERGER LTD,SLB
010580,000003,19651231,20000612,S&P 500 Comp-Ltd,I0003,TIMES MIRROR CO  -SER A,TMC
004189,000003,19660930,20001101,S&P 500 Comp-Ltd,I0003,EASTERN ENTERPRISES,EFU.1
010391,000003,19670331,20071115,S&P 500 Comp-Ltd,I0003,TEKTRONIX INC,TEK.1
001920,000003,19670630,,S&P 500 Comp-Ltd,I0003,AVON PRODUCTS,AVP
002574,000003,19670930,,S&P 500 Comp-Ltd,I0003,CSX CORP,CSX
009963,000003,19670930,20001211,S&P 500 Comp-Ltd,I0003,SPRINGS INDUSTRIES  -CL A,SMI.1
003851,000003,19680331,20050818,S&P 500 Comp-Ltd,I0003,DELTA AIR LINES INC,DAL
002393,000003,19680630,20010402,S&P 500 Comp-Ltd,I0003,BRIGGS & STRATTON,BGG
007260,000003,19680630,20110103,S&P 500 Comp-Ltd,I0003,MEREDITH CORP,MDP
003121,000003,19690331,,S&P 500 Comp-Ltd,I0003,CLOROX CO/DE,CLX
005071,000003,19690331,,S&P 500 Comp-Ltd,I0003,GENERAL MILLS INC,GIS
010156,000003,19690331,20121004,S&P 500 Comp-Ltd,I0003,SUNOCO INC,SUN
007881,000003,19690630,,S&P 500 Comp-Ltd,I0003,NEWMONT MINING CORP,NEM
003480,000003,19690630,20010401,S&P 500 Comp-Ltd,I0003,CERIDIAN CORP,4622B
007154,000003,19700630,,S&P 500 Comp-Ltd,I0003,MCDONALD'S CORP,MCD
002917,000003,19700630,20000618,S&P 500 Comp-Ltd,I0003,CHAMPION INTERNATIONAL CORP,CHA.3
008692,000003,19700630,20010708,S&P 500 Comp-Ltd,I0003,POTLATCH CORP,PCH
005643,000003,19700630,20071024,S&P 500 Comp-Ltd,I0003,HILTON WORLDWIDE HOLDINGS,HLT
002290,000003,19700630,20080622,S&P 500 Comp-Ltd,I0003,OFFICEMAX INC,OMX
006730,000003,19701231,,S&P 500 Comp-Ltd,I0003,LILLY (ELI) & CO,LLY
001239,000003,19710331,20061116,S&P 500 Comp-Ltd,I0003,ALBERTO-CULVER CO,ACV
007152,000003,19710930,20030819,S&P 500 Comp-Ltd,I0003,MCDERMOTT INTL INC,MDR
002086,000003,19720930,,S&P 500 Comp-Ltd,I0003,BAXTER INTERNATIONAL INC,BAX
002111,000003,19720930,,S&P 500 Comp-Ltd,I0003,BECTON DICKINSON & CO,BDX
002444,000003,19730331,20080622,S&P 500 Comp-Ltd,I0003,BRUNSWICK CORP,BC
010332,000003,19730331,20110630,S&P 500 Comp-Ltd,I0003,RADIOSHACK CORP,RSH
006266,000003,19730630,,S&P 500 Comp-Ltd,I0003,JOHNSON & JOHNSON,JNJ
005125,000003,19731231,,S&P 500 Comp-Ltd,I0003,GENUINE PARTS CO,GPC
004768,000003,19740630,20000130,S&P 500 Comp-Ltd,I0003,FLEETWOOD ENTERPRISES INC,FLTWQ
005606,000003,19741231,,S&P 500 Comp-Ltd,I0003,HEWLETT-PACKARD CO,HPQ
010540,000003,19741231,20040802,S&P 500 Comp-Ltd,I0003,THOMAS & BETTS CORP,TNB
006821,000003,19741231,20061109,S&P 500 Comp-Ltd,I0003,LOUISIANA-PACIFIC CORP,LPX
008488,000003,19741231,20081123,S&P 500 Comp-Ltd,I0003,APPLIED BIOSYSTEMS INC,ABI.3
011506,000003,19750331,,S&P 500 Comp-Ltd,I0003,WILLIAMS COS INC,WMB
006096,000003,19750331,20001017,S&P 500 Comp-Ltd,I0003,MALLINCKRODT INC,MKG
002044,000003,19750630,,S&P 500 Comp-Ltd,I0003,BARD (C.R.) INC,BCR
004988,000003,19751231,,S&P 500 Comp-Ltd,I0003,GANNETT CO,GCI
009155,000003,19751231,20000726,S&P 500 Comp-Ltd,I0003,RITE AID CORP,RAD
006475,000003,19751231,20060627,S&P 500 Comp-Ltd,I0003,KNIGHT-RIDDER INC,KRI
006078,000003,19760331,,S&P 500 Comp-Ltd,I0003,INTL FLAVORS & FRAGRANCES,IFF
002255,000003,19760331,20100314,S&P 500 Comp-Ltd,I0003,BLACK & DECKER CORP,BDK
001177,000003,19760630,,S&P 500 Comp-Ltd,I0003,AETNA INC,AET
001447,000003,19760630,,S&P 500 Comp-Ltd,I0003,AMERICAN EXPRESS CO,AXP
002547,000003,19760630,,S&P 500 Comp-Ltd,I0003,CIGNA CORP,CI
002968,000003,19760630,,S&P 500 Comp-Ltd,I0003,JPMORGAN CHASE & CO,JPM
003024,000003,19760630,,S&P 500 Comp-Ltd,I0003,CHUBB CORP,CB
003505,000003,19760630,,S&P 500 Comp-Ltd,I0003,MOLSON COORS BREWING CO,TAP
003980,000003,19760630,,S&P 500 Comp-Ltd,I0003,DISNEY (WALT) CO,DIS
004093,000003,19760630,,S&P 500 Comp-Ltd,I0003,DUKE ENERGY CORP,DUK
004517,000003,19760630,,S&P 500 Comp-Ltd,I0003,NEXTERA ENERGY INC,NEE
006742,000003,19760630,,S&P 500 Comp-Ltd,I0003,LINCOLN NATIONAL CORP,LNC
007647,000003,19760630,,S&P 500 Comp-Ltd,I0003,BANK OF AMERICA CORP,BAC
008007,000003,19760630,,S&P 500 Comp-Ltd,I0003,WELLS FARGO & CO,WFC
007562,000003,19760630,20010101,S&P 500 Comp-Ltd,I0003,MORGAN (J P) & CO,JPM.Z
001465,000003,19760630,20010829,S&P 500 Comp-Ltd,I0003,AMERICAN GENERAL CORP,AGC.1
009380,000003,19760630,20040401,S&P 500 Comp-Ltd,I0003,ST PAUL COS,SPC.2
006241,000003,19760630,20060402,S&P 500 Comp-Ltd,I0003,JEFFERSON-PILOT CORP,JP
007238,000003,19760630,20070701,S&P 500 Comp-Ltd,I0003,MELLON FINANCIAL CORP,MEL.3
009351,000003,19760630,20080922,S&P 500 Comp-Ltd,I0003,SAFECO CORP,SAF
001663,000003,19760630,20081118,S&P 500 Comp-Ltd,I0003,ANHEUSER-BUSCH COS INC,BUD.2
003813,000003,19761231,,S&P 500 Comp-Ltd,I0003,TARGET CORP,TGT
006008,000003,19761231,,S&P 500 Comp-Ltd,I0003,INTEL CORP,INTC
007772,000003,19761231,20110925,S&P 500 Comp-Ltd,I0003,NATIONAL SEMICONDUCTOR CORP,NSM.2
002845,000003,19770331,20090818,S&P 500 Comp-Ltd,I0003,CENTEX CORP,CTX.
004062,000003,19780630,20071213,S&P 500 Comp-Ltd,I0003,DOW JONES & CO INC,DJ
002154,000003,19780930,,S&P 500 Comp-Ltd,I0003,BEMIS CO INC,BMS
010405,000003,19781231,,S&P 500 Comp-Ltd,I0003,ALLEGHENY TECHNOLOGIES INC,ATI
010519,000003,19781231,,S&P 500 Comp-Ltd,I0003,TEXTRON INC,TXT
007750,000003,19790331,,S&P 500 Comp-Ltd,I0003,TENET HEALTHCARE CORP,THC
011060,000003,19790630,,S&P 500 Comp-Ltd,I0003,VF CORP,VFC
011264,000003,19791231,,S&P 500 Comp-Ltd,I0003,WALGREEN CO,WAG
004094,000003,19791231,20001002,S&P 500 Comp-Ltd,I0003,DUN & BRADSTREET CORP,DNB
001487,000003,19800331,,S&P 500 Comp-Ltd,I0003,AMERICAN INTERNATIONAL GROUP,AIG
004818,000003,19800331,,S&P 500 Comp-Ltd,I0003,FLUOR CORP,FLR
011040,000003,19800630,20000402,S&P 500 Comp-Ltd,I0003,PHARMACIA & UPJOHN INC,PNU.1
004598,000003,19801231,,S&P 500 Comp-Ltd,I0003,FEDEX CORP,FDX
008253,000003,19801231,,S&P 500 Comp-Ltd,I0003,PACCAR INC,PCAR
007980,000003,19801231,20020721,S&P 500 Comp-Ltd,I0003,NORTEL NETWORKS CORP,NRTLQ
001891,000003,19810331,,S&P 500 Comp-Ltd,I0003,AUTOMATIC DATA PROCESSING,ADP
009483,000003,19810331,20060226,S&P 500 Comp-Ltd,I0003,SCIENTIFIC-ATLANTA INC,SFA.1
003336,000003,19810630,,S&P 500 Comp-Ltd,I0003,COMPUTER SCIENCES CORP,CSC
005256,000003,19810630,,S&P 500 Comp-Ltd,I0003,GRAINGER (W W) INC,GWW
007085,000003,19810630,,S&P 500 Comp-Ltd,I0003,MASCO CORP,MAS
001722,000003,19810729,,S&P 500 Comp-Ltd,I0003,ARCHER-DANIELS-MIDLAND CO,ADM
005038,000003,19810930,20010627,S&P 500 Comp-Ltd,I0003,HARCOURT GENERAL INC,H.2
009411,000003,19810930,20120628,S&P 500 Comp-Ltd,I0003,HILLSHIRE BRANDS CO,HSH
007116,000003,19820331,,S&P 500 Comp-Ltd,I0003,MATTEL INC,MAT
011366,000003,19820331,20080929,S&P 500 Comp-Ltd,I0003,WENDY'S INTERNATIONAL INC,WEN.2
007267,000003,19820630,20090101,S&P 500 Comp-Ltd,I0003,MERRILL LYNCH & CO INC,BAC2
011259,000003,19820831,,S&P 500 Comp-Ltd,I0003,WAL-MART STORES INC,WMT
009778,000003,19820930,,S&P 500 Comp-Ltd,I0003,SNAP-ON INC,SNA
010016,000003,19820930,,S&P 500 Comp-Ltd,I0003,STANLEY BLACK & DECKER INC,SWK
009217,000003,19820930,20090401,S&P 500 Comp-Ltd,I0003,ROHM AND HAAS CO,ROH
002435,000003,19821031,,S&P 500 Comp-Ltd,I0003,BROWN-FORMAN  -CL B,BF.B
001690,000003,19821130,,S&P 500 Comp-Ltd,I0003,APPLE INC,AAPL
008068,000003,19821231,,S&P 500 Comp-Ltd,I0003,OCCIDENTAL PETROLEUM CORP,OXY
009299,000003,19821231,,S&P 500 Comp-Ltd,I0003,RYDER SYSTEM INC,R
004371,000003,19830731,20060605,S&P 500 Comp-Ltd,I0003,ENGELHARD CORP,EC.2
003362,000003,19830831,,S&P 500 Comp-Ltd,I0003,CONAGRA FOODS INC,CAG
006733,000003,19830930,,S&P 500 Comp-Ltd,I0003,L BRANDS INC,LB
010639,000003,19830930,20050721,S&P 500 Comp-Ltd,I0003,TOYS R US INC,1231B
002136,000003,19831130,,S&P 500 Comp-Ltd,I0003,VERIZON COMMUNICATIONS INC,VZ
009899,000003,19831130,,S&P 500 Comp-Ltd,I0003,AT&T INC,T
002146,000003,19831130,20070103,S&P 500 Comp-Ltd,I0003,BELLSOUTH CORP,BLS
006829,000003,19840229,,S&P 500 Comp-Ltd,I0003,LOWE'S COMPANIES INC,LOW
008823,000003,19840430,,S&P 500 Comp-Ltd,I0003,PULTEGROUP INC,PHM
001380,000003,19840531,,S&P 500 Comp-Ltd,I0003,HESS CORP,HES
001161,000003,19840630,20130922,S&P 500 Comp-Ltd,I0003,ADVANCED MICRO DEVICES,AMD
006774,000003,19840731,,S&P 500 Comp-Ltd,I0003,LOCKHEED MARTIN CORP,LMT
004040,000003,19840731,20121211,S&P 500 Comp-Ltd,I0003,DONNELLEY (R R) & SONS CO,RRD
005518,000003,19840930,,S&P 500 Comp-Ltd,I0003,HASBRO INC,HAS
001988,000003,19841031,,S&P 500 Comp-Ltd,I0003,BALL CORP,BLL
009635,000003,19841031,20000607,S&P 500 Comp-Ltd,I0003,SHARED MEDICAL SYSTEMS CORP,SMS.2
006403,000003,19841031,20060810,S&P 500 Comp-Ltd,I0003,KERR-MCGEE CORP,KMG.1
006768,000003,19841031,20081201,S&P 500 Comp-Ltd,I0003,KATE SPADE & CO,KATE
009293,000003,19841130,20001211,S&P 500 Comp-Ltd,I0003,RUSSELL CORP,RML.1
001240,000003,19841130,20060601,S&P 500 Comp-Ltd,I0003,ALBERTSON'S INC,ABS.1
001651,000003,19841130,20061001,S&P 500 Comp-Ltd,I0003,ANDREW CORP,ANDW
007866,000003,19841130,20101219,S&P 500 Comp-Ltd,I0003,NEW YORK TIMES CO  -CL A,NYT
010190,000003,19850131,20120430,S&P 500 Comp-Ltd,I0003,SUPERVALU INC,SVU
009258,000003,19850131,20140818,S&P 500 Comp-Ltd,I0003,ROWAN COMPANIES PLC,RDC
001209,000003,19850430,,S&P 500 Comp-Ltd,I0003,AIR PRODUCTS & CHEMICALS INC,APD
008030,000003,19850430,,S&P 500 Comp-Ltd,I0003,NUCOR CORP,NUE
004145,000003,19850531,,S&P 500 Comp-Ltd,I0003,PERKINELMER INC,PKI
003130,000003,19850531,20010129,S&P 500 Comp-Ltd,I0003,EL PASO CGP CO,EP2
007985,000003,19850630,,S&P 500 Comp-Ltd,I0003,NORTHROP GRUMMAN CORP,NOC
005742,000003,19850731,,S&P 500 Comp-Ltd,I0003,CENTERPOINT ENERGY INC,CNP
011672,000003,19850930,,S&P 500 Comp-Ltd,I0003,TJX COMPANIES INC,TJX
004058,000003,19851031,,S&P 500 Comp-Ltd,I0003,DOVER CORP,DOV
008358,000003,19851130,,S&P 500 Comp-Ltd,I0003,PARKER-HANNIFIN CORP,PH
006802,000003,19851130,20010701,S&P 500 Comp-Ltd,I0003,LONGS DRUG STORES CORP,LDG
010726,000003,19860131,20071220,S&P 500 Comp-Ltd,I0003,TRIBUNE MEDIA CO,TRBAA
005878,000003,19860228,,S&P 500 Comp-Ltd,I0003,ILLINOIS TOOL WORKS,ITW
003863,000003,19860430,20041219,S&P 500 Comp-Ltd,I0003,DELUXE CORP,DLX
006268,000003,19860531,,S&P 500 Comp-Ltd,I0003,JOHNSON CONTROLS INC,JCI
006226,000003,19860531,20001123,S&P 500 Comp-Ltd,I0003,FORT JAMES CORP,FJ
002085,000003,19860531,20071028,S&P 500 Comp-Ltd,I0003,BAUSCH & LOMB HLDGS  -REDH,6583B
004990,000003,19860831,,S&P 500 Comp-Ltd,I0003,GAP INC,GPS
007922,000003,19860831,,S&P 500 Comp-Ltd,I0003,NORDSTROM INC,JWN
007228,000003,19861031,,S&P 500 Comp-Ltd,I0003,MEDTRONIC INC,MDT
003964,000003,19861031,20081021,S&P 500 Comp-Ltd,I0003,DILLARDS INC  -CL A,DDS
002269,000003,19861130,,S&P 500 Comp-Ltd,I0003,BLOCK H & R INC,HRB
010247,000003,19861231,,S&P 500 Comp-Ltd,I0003,SYSCO CORP,SYY
009611,000003,19861231,20000315,S&P 500 Comp-Ltd,I0003,SERVICE CORP INTERNATIONAL,SCI
007773,000003,19861231,20011202,S&P 500 Comp-Ltd,I0003,NATIONAL SERVICE INDS INC,NSI.1
010946,000003,19861231,20020514,S&P 500 Comp-Ltd,I0003,US AIRWAYS GROUP INC-OLD,3UAIRQ
010426,000003,19861231,20071230,S&P 500 Comp-Ltd,I0003,TEMPLE-INLAND INC,TIN
009004,000003,19870131,20060131,S&P 500 Comp-Ltd,I0003,REEBOK INTERNATIONAL LTD,RBK
010974,000003,19870430,20090105,S&P 500 Comp-Ltd,I0003,UST INC,UST.1
003310,000003,19870731,,S&P 500 Comp-Ltd,I0003,CA INC,CA
007065,000003,19870831,,S&P 500 Comp-Ltd,I0003,MARSH & MCLENNAN COS,MMC
008626,000003,19870831,20020721,S&P 500 Comp-Ltd,I0003,PLACER DOME INC,PDG
001913,000003,19871231,,S&P 500 Comp-Ltd,I0003,AVERY DENNISON CORP,AVY
008304,000003,19871231,,S&P 500 Comp-Ltd,I0003,PALL CORP,PLL
001246,000003,19880229,20000628,S&P 500 Comp-Ltd,I0003,IKON OFFICE SOLUTIONS,IKN
003282,000003,19880229,20020505,S&P 500 Comp-Ltd,I0003,COMPAQ COMPUTER CORP,CPQ.2
005680,000003,19880331,,S&P 500 Comp-Ltd,I0003,HOME DEPOT INC,HD
008245,000003,19880430,,S&P 500 Comp-Ltd,I0003,PNC FINANCIAL SVCS GROUP INC,PNC
001998,000003,19880430,20040630,S&P 500 Comp-Ltd,I0003,BANK ONE CORP,ONE.1
003243,000003,19880531,,S&P 500 Comp-Ltd,I0003,CITIGROUP INC,C
010187,000003,19880531,,S&P 500 Comp-Ltd,I0003,SUNTRUST BANKS INC,STI
005216,000003,19880630,20061001,S&P 500 Comp-Ltd,I0003,GOLDEN WEST FINANCIAL CORP,GDW
011600,000003,19880731,20041219,S&P 500 Comp-Ltd,I0003,WORTHINGTON INDUSTRIES,WOR
007409,000003,19880731,20100714,S&P 500 Comp-Ltd,I0003,MILLIPORE CORP,MIL.
004601,000003,19880831,20080910,S&P 500 Comp-Ltd,I0003,FANNIE MAE,3FNMA
007906,000003,19881130,,S&P 500 Comp-Ltd,I0003,NIKE INC,NKE
004764,000003,19881130,20040331,S&P 500 Comp-Ltd,I0003,FLEETBOSTON FINANCIAL CORP,FBF
004213,000003,19890131,,S&P 500 Comp-Ltd,I0003,ECOLAB INC,ECL
004739,000003,19890228,20090101,S&P 500 Comp-Ltd,I0003,WACHOVIA CORP,WB.3
012689,000003,19890331,20091220,S&P 500 Comp-Ltd,I0003,KB HOME,KBH
007875,000003,19890430,,S&P 500 Comp-Ltd,I0003,NEWELL RUBBERMAID INC,NWL
010614,000003,19890430,,S&P 500 Comp-Ltd,I0003,TORCHMARK CORP,TMK
003054,000003,19890531,20080330,S&P 500 Comp-Ltd,I0003,CIRCUIT CITY STORES INC,CCTYQ
006288,000003,19890731,20000509,S&P 500 Comp-Ltd,I0003,JOSTENS INC,JOSEA
010787,000003,19890731,20090316,S&P 500 Comp-Ltd,I0003,TYCO INTERNATIONAL LTD,TYC
010984,000003,19890731,20130708,S&P 500 Comp-Ltd,I0003,SPRINT CORP,S
012142,000003,19890831,,S&P 500 Comp-Ltd,I0003,ORACLE CORP,ORCL
001794,000003,19890831,20081113,S&P 500 Comp-Ltd,I0003,ASHLAND INC,ASH
007904,000003,19890831,20111212,S&P 500 Comp-Ltd,I0003,NICOR INC,GAS.2
002783,000003,19890831,20120701,S&P 500 Comp-Ltd,I0003,PROGRESS ENERGY INC,DUK8
001468,000003,19891031,20040502,S&P 500 Comp-Ltd,I0003,AMERICAN GREETINGS  -CL A,AM.1
009372,000003,19891130,,S&P 500 Comp-Ltd,I0003,ST JUDE MEDICAL INC,STJ
001878,000003,19891201,,S&P 500 Comp-Ltd,I0003,AUTODESK INC,ADSK
020423,000003,19900201,20080128,S&P 500 Comp-Ltd,I0003,CAESARS ENTERTAINMENT CORP,CZR
003502,000003,19900501,20060717,S&P 500 Comp-Ltd,I0003,COOPER TIRE & RUBBER CO,CTB
008475,000003,19900801,20000402,S&P 500 Comp-Ltd,I0003,PEP BOYS-MANNY MOE & JACK,PBY
002230,000003,19900801,20070711,S&P 500 Comp-Ltd,I0003,BIOMET INC,5938B
001359,000003,19901211,20010624,S&P 500 Comp-Ltd,I0003,ALZA CORP,AZA.1
007017,000003,19910501,,S&P 500 Comp-Ltd,I0003,MARATHON OIL CORP,MRO
023978,000003,19910501,20140701,S&P 500 Comp-Ltd,I0003,UNITED STATES STEEL CORP,X
010860,000003,19910919,,S&P 500 Comp-Ltd,I0003,AMEREN CORP,AEE
011910,000003,19911001,20110427,S&P 500 Comp-Ltd,I0003,NOVELL INC,NOVL
005306,000003,19911101,20050704,S&P 500 Comp-Ltd,I0003,GREAT LAKES CHEMICAL CORP,GLK.1
001602,000003,19920102,,S&P 500 Comp-Ltd,I0003,AMGEN INC,AMGN
015208,000003,19920102,20080910,S&P 500 Comp-Ltd,I0003,FEDERAL HOME LOAN MORTG CORP,3FMCC
015708,000003,19920207,,S&P 500 Comp-Ltd,I0003,ALLERGAN INC,AGN
023592,000003,19920401,20060102,S&P 500 Comp-Ltd,I0003,MBNA CORP,KRB
025124,000003,19920701,,S&P 500 Comp-Ltd,I0003,PRAXAIR INC,PX
012136,000003,19920801,20100128,S&P 500 Comp-Ltd,I0003,SUN MICROSYSTEMS INC,JAVA
006136,000003,19921001,,S&P 500 Comp-Ltd,I0003,INTERPUBLIC GROUP OF COS,IPG
028701,000003,19930801,20011212,S&P 500 Comp-Ltd,I0003,RALSTON PURINA CO,RAL.
022260,000003,19930901,20061119,S&P 500 Comp-Ltd,I0003,HCA HOLDINGS INC,HCA
029028,000003,19931001,,S&P 500 Comp-Ltd,I0003,COSTCO WHOLESALE CORP,COST
011247,000003,19931001,20010903,S&P 500 Comp-Ltd,I0003,WACHOVIA CORP-OLD,WB.1
002055,000003,19931101,20020721,S&P 500 Comp-Ltd,I0003,BARRICK GOLD CORP,ABX
015084,000003,19931101,20060402,S&P 500 Comp-Ltd,I0003,BURLINGTON RESOURCES INC,BR.2
020779,000003,19931201,,S&P 500 Comp-Ltd,I0003,CISCO SYSTEMS INC,CSCO
003226,000003,19931201,20021118,S&P 500 Comp-Ltd,I0003,COMCAST CORP,CMCSA
029392,000003,19940101,,S&P 500 Comp-Ltd,I0003,EASTMAN CHEMICAL CO,EMN
009783,000003,19940301,,S&P 500 Comp-Ltd,I0003,KEYCORP,KEY
012726,000003,19940301,,S&P 500 Comp-Ltd,I0003,UNUM GROUP,UNM
012141,000003,19940601,,S&P 500 Comp-Ltd,I0003,MICROSOFT CORP,MSFT
009882,000003,19940701,,S&P 500 Comp-Ltd,I0003,SOUTHWEST AIRLINES,LUV
010903,000003,19940701,,S&P 500 Comp-Ltd,I0003,UNITEDHEALTH GROUP INC,UNH
009699,000003,19940901,,S&P 500 Comp-Ltd,I0003,SIGMA-ALDRICH CORP,SIAL
013714,000003,19940901,,S&P 500 Comp-Ltd,I0003,CBS CORP,CBS
007343,000003,19940927,,S&P 500 Comp-Ltd,I0003,MICRON TECHNOLOGY INC,MU
025157,000003,19940927,20070924,S&P 500 Comp-Ltd,I0003,FIRST DATA CORP,3511B
007711,000003,19940927,20090101,S&P 500 Comp-Ltd,I0003,NATIONAL CITY CORP,NCC
030865,000003,19941025,20060402,S&P 500 Comp-Ltd,I0003,CINERGY CORP,DUK6
061489,000003,19941201,20110331,S&P 500 Comp-Ltd,I0003,QWEST COMMUNICATION INTL INC,Q.2
001318,000003,19941221,20071118,S&P 500 Comp-Ltd,I0003,ALLTEL CORP,AT.2
012679,000003,19950118,20000620,S&P 500 Comp-Ltd,I0003,SILICON GRAPHICS INC,SGICQ
005079,000003,19950209,20011106,S&P 500 Comp-Ltd,I0003,GPU INC,GPU.
025279,000003,19950224,,S&P 500 Comp-Ltd,I0003,BOSTON SCIENTIFIC CORP,BSX
001704,000003,19950316,,S&P 500 Comp-Ltd,I0003,APPLIED MATERIALS INC,AMAT
002019,000003,19950331,,S&P 500 Comp-Ltd,I0003,BANK OF NEW YORK MELLON CORP,BK
003278,000003,19950501,20060731,S&P 500 Comp-Ltd,I0003,AVIS BUDGET GROUP INC,CAR
006781,000003,19950510,,S&P 500 Comp-Ltd,I0003,LOEWS CORP,L
015354,000003,19950522,20010805,S&P 500 Comp-Ltd,I0003,ENTERASYS NETWORKS INC,ETS
031846,000003,19950530,,S&P 500 Comp-Ltd,I0003,DARDEN RESTAURANTS INC,DRI
010420,000003,19950703,20111220,S&P 500 Comp-Ltd,I0003,TELLABS INC,TLAB
009061,000003,19950705,20000102,S&P 500 Comp-Ltd,I0003,HSBC USA INC,HBC2
028349,000003,19950713,,S&P 500 Comp-Ltd,I0003,ALLSTATE CORP,ALL
014590,000003,19950731,,S&P 500 Comp-Ltd,I0003,FREEPORT-MCMORAN INC,FCX
011502,000003,19950818,20020210,S&P 500 Comp-Ltd,I0003,WILLAMETTE INDUSTRIES,WLL.1
012124,000003,19950922,,S&P 500 Comp-Ltd,I0003,MORGAN STANLEY,MS
004682,000003,19951023,20010226,S&P 500 Comp-Ltd,I0003,U S BANCORP/DE-OLD,USB.1
061464,000003,19951101,20000615,S&P 500 Comp-Ltd,I0003,MEDIAONE GROUP INC,UMG.Z
004611,000003,19951108,,S&P 500 Comp-Ltd,I0003,MACY'S INC,M
008455,000003,19951127,,S&P 500 Comp-Ltd,I0003,PPL CORP,PPL
003231,000003,19951201,,S&P 500 Comp-Ltd,I0003,COMERICA INC,CMA
027914,000003,19951201,,S&P 500 Comp-Ltd,I0003,HUMANA INC,HUM
006529,000003,19951214,20140507,S&P 500 Comp-Ltd,I0003,LSI CORP,LSI
061739,000003,19951220,,S&P 500 Comp-Ltd,I0003,HARTFORD FINANCIAL SERVICES,HIG
010553,000003,19960102,20000727,S&P 500 Comp-Ltd,I0003,3COM CORP,COMS
004640,000003,19960308,,S&P 500 Comp-Ltd,I0003,FIFTH THIRD BANCORP,FITB
012053,000003,19960328,,S&P 500 Comp-Ltd,I0003,EMC CORP/MA,EMC
005063,000003,19960401,20000105,S&P 500 Comp-Ltd,I0003,GENERAL INSTRUMENT CORP,GIC.3
001164,000003,19960401,20020514,S&P 500 Comp-Ltd,I0003,MCI INC,MCIP
003221,000003,19960423,,S&P 500 Comp-Ltd,I0003,AON PLC,AON
062897,000003,19960531,20040324,S&P 500 Comp-Ltd,I0003,TUPPERWARE BRANDS CORP,TUP
024379,000003,19960719,20081030,S&P 500 Comp-Ltd,I0003,MGIC INVESTMENT CORP/WI,MTG
009545,000003,19960816,20001121,S&P 500 Comp-Ltd,I0003,SEAGATE TECHNOLOGY-OLD,SEG.2
014489,000003,19960906,20131028,S&P 500 Comp-Ltd,I0003,DELL INC,DELL
062599,000003,19961001,20061130,S&P 500 Comp-Ltd,I0003,LUCENT TECHNOLOGIES INC,LU
061413,000003,19961016,20000716,S&P 500 Comp-Ltd,I0003,UNION PACIFIC RESOURCES GRP,UPR.1
063800,000003,19961104,20100228,S&P 500 Comp-Ltd,I0003,IMS HEALTH HOLDINGS INC,IMS
013561,000003,19961203,20091220,S&P 500 Comp-Ltd,I0003,MBIA INC,MBI
031166,000003,19961219,20060423,S&P 500 Comp-Ltd,I0003,GUIDANT CORP,GDT
010530,000003,19970102,,S&P 500 Comp-Ltd,I0003,THERMO FISHER SCIENTIFIC INC,TMO
023809,000003,19970102,,S&P 500 Comp-Ltd,I0003,AUTOZONE INC,AZO
012589,000003,19970108,20030320,S&P 500 Comp-Ltd,I0003,HEALTHSOUTH CORP,HLS
012603,000003,19970115,20020724,S&P 500 Comp-Ltd,I0003,CNO FINANCIAL GROUP INC,CNO
018699,000003,19970403,20070102,S&P 500 Comp-Ltd,I0003,PTC INC,PTC
012540,000003,19970506,,S&P 500 Comp-Ltd,I0003,ADOBE SYSTEMS INC,ADBE
002751,000003,19970527,,S&P 500 Comp-Ltd,I0003,CARDINAL HEALTH INC,CAH
013988,000003,19970602,,S&P 500 Comp-Ltd,I0003,SCHWAB (CHARLES) CORP,SCHW
002731,000003,19970611,20051002,S&P 500 Comp-Ltd,I0003,PROVIDIAN FINANCIAL CORP,PVN
003555,000003,19970618,20080630,S&P 500 Comp-Ltd,I0003,COUNTRYWIDE FINANCIAL CORP,CFC.3
004423,000003,19970619,,S&P 500 Comp-Ltd,I0003,EQUIFAX INC,EFX
016243,000003,19970702,20080929,S&P 500 Comp-Ltd,I0003,WASHINGTON MUTUAL INC,WAMUQ
001678,000003,19970728,,S&P 500 Comp-Ltd,I0003,APACHE CORP,APA
011923,000003,19970728,,S&P 500 Comp-Ltd,I0003,ANADARKO PETROLEUM CORP,APC
013341,000003,19970804,,S&P 500 Comp-Ltd,I0003,PROGRESSIVE CORP-OHIO,PGR
008215,000003,19970804,20001210,S&P 500 Comp-Ltd,I0003,OWENS-ILLINOIS INC,OI
005786,000003,19970806,,S&P 500 Comp-Ltd,I0003,HUNTINGTON BANCSHARES,HBAN
005211,000003,19970807,20000531,S&P 500 Comp-Ltd,I0003,MIRAGE RESORTS INC,MIR.1
010035,000003,19970818,,S&P 500 Comp-Ltd,I0003,STATE STREET CORP,STT
003105,000003,19970901,20080730,S&P 500 Comp-Ltd,I0003,IHEARTMEDIA INC,IHRT
006304,000003,19970915,,S&P 500 Comp-Ltd,I0003,KLA-TENCOR CORP,KLAC
065417,000003,19971007,,S&P 500 Comp-Ltd,I0003,YUM BRANDS INC,YUM
013041,000003,19971128,20080101,S&P 500 Comp-Ltd,I0003,SYNOVUS FINANCIAL CORP,SNV
011856,000003,19971204,,S&P 500 Comp-Ltd,I0003,BB&T CORP,BBT
014824,000003,19971218,,S&P 500 Comp-Ltd,I0003,CINCINNATI FINANCIAL CORP,CINF
004066,000003,19971224,,S&P 500 Comp-Ltd,I0003,OMNICOM GROUP,OMC
030128,000003,19980112,20080916,S&P 500 Comp-Ltd,I0003,LEHMAN BROTHERS HOLDINGS INC,LEHMQ
012123,000003,19980120,20130213,S&P 500 Comp-Ltd,I0003,BIG LOTS INC,BIG
010909,000003,19980128,20010228,S&P 500 Comp-Ltd,I0003,SUMMIT BANCORP,SUB.2
007982,000003,19980130,,S&P 500 Comp-Ltd,I0003,NORTHERN TRUST CORP,NTRS
009555,000003,19980401,,S&P 500 Comp-Ltd,I0003,SEALED AIR CORP,SEE
024870,000003,19980401,20050814,S&P 500 Comp-Ltd,I0003,NEXTEL COMMUNICATIONS INC,NXTL
001831,000003,19980408,20001203,S&P 500 Comp-Ltd,I0003,ASSOCIATES FIRST CAP -CL A,AFS
029345,000003,19980427,20060731,S&P 500 Comp-Ltd,I0003,GATEWAY INC,GTW
004885,000003,19980429,,S&P 500 Comp-Ltd,I0003,FRANKLIN RESOURCES INC,BEN
028930,000003,19980521,,S&P 500 Comp-Ltd,I0003,MARRIOTT INTL INC,MAR
010121,000003,19980701,,S&P 500 Comp-Ltd,I0003,NAVIENT CORP,NAVI
030990,000003,19980701,,S&P 500 Comp-Ltd,I0003,CAPITAL ONE FINANCIAL CORP,COF
011818,000003,19980701,20080601,S&P 500 Comp-Ltd,I0003,BEAR STEARNS COMPANIES INC,BSC.1
004016,000003,19980716,20070708,S&P 500 Comp-Ltd,I0003,DOLLAR GENERAL CORP,DG
014477,000003,19980717,,S&P 500 Comp-Ltd,I0003,WASTE MANAGEMENT INC,WM
005074,000003,19980811,20080826,S&P 500 Comp-Ltd,I0003,ELECTRONIC DATA SYSTEMS CORP,EDS.
025283,000003,19980814,,S&P 500 Comp-Ltd,I0003,KOHL'S CORP,KSS
004674,000003,19980828,,S&P 500 Comp-Ltd,I0003,REGIONS FINANCIAL CORP,RF
009113,000003,19980916,20001211,S&P 500 Comp-Ltd,I0003,NABISCO GROUP HOLDINGS CORP,NGH.
024607,000003,19980928,20071108,S&P 500 Comp-Ltd,I0003,MANOR CARE INC,HCR
008402,000003,19981001,,S&P 500 Comp-Ltd,I0003,PAYCHEX INC,PAYX
010868,000003,19981001,20040630,S&P 500 Comp-Ltd,I0003,UNION PLANTERS CORP,UPC.
014650,000003,19981001,20130910,S&P 500 Comp-Ltd,I0003,BMC SOFTWARE INC,BMC
024216,000003,19981002,,S&P 500 Comp-Ltd,I0003,AES CORP,AES
025944,000003,19981002,20041228,S&P 500 Comp-Ltd,I0003,PEOPLESOFT INC,PSFT.
015521,000003,19981007,,S&P 500 Comp-Ltd,I0003,STAPLES INC,SPLS
012756,000003,19981008,,S&P 500 Comp-Ltd,I0003,COCA-COLA ENTERPRISES INC,CCE
008804,000003,19981103,20000820,S&P 500 Comp-Ltd,I0003,NEW CENTURY ENERGIES INC,NCE.1
009359,000003,19981113,,S&P 500 Comp-Ltd,I0003,SAFEWAY INC,SWY
003735,000003,19981118,,S&P 500 Comp-Ltd,I0003,DANAHER CORP,DHR
116245,000003,19981124,20040422,S&P 500 Comp-Ltd,I0003,SPRINT PCS GROUP,PCS.1
013498,000003,19981222,,S&P 500 Comp-Ltd,I0003,CARNIVAL CORP/PLC (USA),CCL
017110,000003,19981231,20071001,S&P 500 Comp-Ltd,I0003,SOLECTRON CORP,SLR
004723,000003,19990104,,S&P 500 Comp-Ltd,I0003,U S BANCORP,USB
025056,000003,19990104,,S&P 500 Comp-Ltd,I0003,TIME WARNER INC,TWX
026011,000003,19990104,20120102,S&P 500 Comp-Ltd,I0003,COMPUWARE CORP,CPWR
007171,000003,19990113,,S&P 500 Comp-Ltd,I0003,MCKESSON CORP,MCK
009880,000003,19990301,20041031,S&P 500 Comp-Ltd,I0003,SOUTHTRUST CORP,SOTR
001619,000003,19990310,20061105,S&P 500 Comp-Ltd,I0003,AMSOUTH BANCORPORATION,ASO.1
002884,000003,19990325,,S&P 500 Comp-Ltd,I0003,CENTURYLINK INC,CTL
006335,000003,19990405,20000712,S&P 500 Comp-Ltd,I0003,KANSAS CITY SOUTHERN,KSU
027845,000003,19990412,,S&P 500 Comp-Ltd,I0003,ACTAVIS PLC,ACT
003439,000003,19990503,,S&P 500 Comp-Ltd,I0003,CMS ENERGY CORP,CMS
001449,000003,19990528,,S&P 500 Comp-Ltd,I0003,AFLAC INC,AFL
118122,000003,19990528,20051010,S&P 500 Comp-Ltd,I0003,DELPHI AUTOMOTIVE PLC,DLPH
008299,000003,19990604,20001105,S&P 500 Comp-Ltd,I0003,PAINE WEBBER GROUP,PWJ.
027766,000003,19990609,20041130,S&P 500 Comp-Ltd,I0003,WELLPOINT HEALTH NETWRKS INC,WLP.1
004800,000003,19990622,20001130,S&P 500 Comp-Ltd,I0003,FLORIDA PROGRESS CORP,PGN3
014624,000003,19990624,20101219,S&P 500 Comp-Ltd,I0003,OFFICE DEPOT INC,ODP
061591,000003,19990625,,S&P 500 Comp-Ltd,I0003,NETAPP INC,NTAP
002184,000003,19990630,,S&P 500 Comp-Ltd,I0003,BEST BUY CO INC,BBY
011228,000003,19990701,,S&P 500 Comp-Ltd,I0003,VULCAN MATERIALS CO,VMC
024800,000003,19990722,,S&P 500 Comp-Ltd,I0003,QUALCOMM INC,QCOM
001013,000003,19990802,20070701,S&P 500 Comp-Ltd,I0003,ADC TELECOMMUNICATIONS INC,ADCT
022140,000003,19990802,20081204,S&P 500 Comp-Ltd,I0003,ALLIED WASTE INDUSTRIES INC,AW
114303,000003,19990809,20020902,S&P 500 Comp-Ltd,I0003,CONOCO INC,COC1
061552,000003,19990813,20120930,S&P 500 Comp-Ltd,I0003,LEXMARK INTL INC  -CL A,LXK
010621,000003,19990920,20010917,S&P 500 Comp-Ltd,I0003,TOSCO CORP,TOS.
113491,000003,19990929,20011009,S&P 500 Comp-Ltd,I0003,GLOBAL CROSSING LTD,GLBC
025338,000003,19991001,,S&P 500 Comp-Ltd,I0003,BED BATH & BEYOND INC,BBBY
012256,000003,19991001,20010513,S&P 500 Comp-Ltd,I0003,STEEL EXCEL INC,SXCL
001075,000003,19991004,,S&P 500 Comp-Ltd,I0003,PINNACLE WEST CAPITAL CORP,PNW
001632,000003,19991012,,S&P 500 Comp-Ltd,I0003,ANALOG DEVICES,ADI
012138,000003,19991013,,S&P 500 Comp-Ltd,I0003,PRICE (T. ROWE) GROUP,TROW
006649,000003,19991018,,S&P 500 Comp-Ltd,I0003,LEGGETT & PLATT INC,LEG
004242,000003,19991026,20120524,S&P 500 Comp-Ltd,I0003,EL PASO CORP,EP
012884,000003,19991027,20070131,S&P 500 Comp-Ltd,I0003,COMVERSE TECHNOLOGY INC,CMVT
125533,000003,19991105,20101116,S&P 500 Comp-Ltd,I0003,PACTIV CORP,PTV
022325,000003,19991108,,S&P 500 Comp-Ltd,I0003,XILINX INC,XLNX
010453,000003,19991115,20131222,S&P 500 Comp-Ltd,I0003,TERADYNE INC,TER
030095,000003,19991116,20030925,S&P 500 Comp-Ltd,I0003,QUINTILES TRANSNATIONAL CORP,0573B
061676,000003,19991201,,S&P 500 Comp-Ltd,I0003,CITRIX SYSTEMS INC,CTXS
007506,000003,19991201,20131209,S&P 500 Comp-Ltd,I0003,MOLEX INC,MOLX
008118,000003,19991202,20010401,S&P 500 Comp-Ltd,I0003,OLD KENT FINANCIAL CORP,OK.
062634,000003,19991208,,S&P 500 Comp-Ltd,I0003,YAHOO INC,YHOO
028338,000003,19991231,20081218,S&P 500 Comp-Ltd,I0003,TRANSOCEAN LTD,RIG
007648,000003,20000104,20070930,S&P 500 Comp-Ltd,I0003,NCR CORP,NCR
110536,000003,20000106,20001002,S&P 500 Comp-Ltd,I0003,YOUNG & RUBICAM INC,YNR.1
012389,000003,20000131,,S&P 500 Comp-Ltd,I0003,HARLEY-DAVIDSON INC,HOG
116526,000003,20000131,20020625,S&P 500 Comp-Ltd,I0003,CONEXANT SYSTEMS INC,CNXT.1
002226,000003,20000131,20031112,S&P 500 Comp-Ltd,I0003,BIOGEN INC,BGEN
063766,000003,20000316,20070401,S&P 500 Comp-Ltd,I0003,SABRE HOLDINGS CORP  -CL A,TSG.2
012216,000003,20000403,,S&P 500 Comp-Ltd,I0003,LINEAR TECHNOLOGY CORP,LLTC
029356,000003,20000403,20050704,S&P 500 Comp-Ltd,I0003,VERITAS SOFTWARE CORP,VRTS.1
014324,000003,20000418,,S&P 500 Comp-Ltd,I0003,ALTERA CORP,ALTR
062602,000003,20000505,20020512,S&P 500 Comp-Ltd,I0003,SAPIENT CORP,SAPE
063180,000003,20000505,20060131,S&P 500 Comp-Ltd,I0003,SIEBEL SYSTEMS INC,SEBL
014256,000003,20000510,20070926,S&P 500 Comp-Ltd,I0003,MAXIM INTEGRATED PRODUCTS,MXIM
014565,000003,20000601,20070214,S&P 500 Comp-Ltd,I0003,AMERICAN POWER CONVERSION CP,APCC.
126554,000003,20000605,,S&P 500 Comp-Ltd,I0003,AGILENT TECHNOLOGIES INC,A
025434,000003,20000608,,S&P 500 Comp-Ltd,I0003,STARBUCKS CORP,SBUX
113419,000003,20000613,20091220,S&P 500 Comp-Ltd,I0003,CONVERGYS CORP,CVG
024008,000003,20000616,20070531,S&P 500 Comp-Ltd,I0003,MEDIMMUNE INC,MEDI
016751,000003,20000619,20040831,S&P 500 Comp-Ltd,I0003,CHARTER ONE FINANCIAL INC,CF.6
014623,000003,20000619,20120604,S&P 500 Comp-Ltd,I0003,NOVELLUS SYSTEMS INC,NVLS
013646,000003,20000621,,S&P 500 Comp-Ltd,I0003,TIFFANY & CO,TIF
028139,000003,20000621,20070701,S&P 500 Comp-Ltd,I0003,SANMINA CORP,SANM
136648,000003,20000629,20060102,S&P 500 Comp-Ltd,I0003,VISTEON CORP,VC
029095,000003,20000629,20060103,S&P 500 Comp-Ltd,I0003,MERCURY INTERACTIVE CORP,MERQ
066708,000003,20000703,,S&P 500 Comp-Ltd,I0003,BROADCOM CORP,BRCM
137232,000003,20000713,20111122,S&P 500 Comp-Ltd,I0003,JANUS CAPITAL GROUP INC,JNS
002549,000003,20000717,20010603,S&P 500 Comp-Ltd,I0003,CIT GROUP INC-OLD,CIT.
029241,000003,20000727,20131222,S&P 500 Comp-Ltd,I0003,JDS UNIPHASE CORP,JDSU
132502,000003,20000728,20020813,S&P 500 Comp-Ltd,I0003,PALM INC,PALM
006799,000003,20000821,20070826,S&P 500 Comp-Ltd,I0003,KEYSPAN CORP,KSE
014934,000003,20000830,,S&P 500 Comp-Ltd,I0003,DEVON ENERGY CORP,DVN
139662,000003,20001002,20071025,S&P 500 Comp-Ltd,I0003,AVAYA INC,5933B
139665,000003,20001003,,S&P 500 Comp-Ltd,I0003,MOODY'S CORP,MCO
025495,000003,20001003,20091220,S&P 500 Comp-Ltd,I0003,DYNEGY INC,DYN
112033,000003,20001003,20101219,S&P 500 Comp-Ltd,I0003,KING PHARMACEUTICALS INC,KG
001661,000003,20001018,,S&P 500 Comp-Ltd,I0003,NABORS INDUSTRIES LTD,NBR
065554,000003,20001023,20050313,S&P 500 Comp-Ltd,I0003,POWER-ONE INC,PWER
007974,000003,20001102,,S&P 500 Comp-Ltd,I0003,NISOURCE INC,NI
016478,000003,20001102,,S&P 500 Comp-Ltd,I0003,EOG RESOURCES INC,EOG
063099,000003,20001106,20010903,S&P 500 Comp-Ltd,I0003,BROADVISION INC,BVSN
005723,000003,20001117,,S&P 500 Comp-Ltd,I0003,STARWOOD HOTELS&RESORTS WRLD,HOT
004843,000003,20001122,20140630,S&P 500 Comp-Ltd,I0003,FOREST LABORATORIES  -CL A,FRX
003011,000003,20001124,20060419,S&P 500 Comp-Ltd,I0003,CHIRON CORP,CHIR
063605,000003,20001201,20051201,S&P 500 Comp-Ltd,I0003,CALPINE CORP,CPN
002312,000003,20001205,,S&P 500 Comp-Ltd,I0003,ROBERT HALF INTL INC,RHI
027928,000003,20001211,,S&P 500 Comp-Ltd,I0003,INTUIT INC,INTU
133768,000003,20001211,,S&P 500 Comp-Ltd,I0003,METLIFE INC,MET
010232,000003,20001211,20070109,S&P 500 Comp-Ltd,I0003,SYMBOL TECHNOLOGIES,SBL.2
024287,000003,20001211,20080610,S&P 500 Comp-Ltd,I0003,AMBAC FINANCIAL GROUP INC,AMBC
001279,000003,20001211,20110227,S&P 500 Comp-Ltd,I0003,ALLEGHENY ENERGY INC,AYE
010115,000003,20001212,,S&P 500 Comp-Ltd,I0003,STRYKER CORP,SYK
024803,000003,20001212,20020820,S&P 500 Comp-Ltd,I0003,VITESSE SEMICONDUCTOR CORP,VTSS
006310,000003,20001212,20070530,S&P 500 Comp-Ltd,I0003,KINDER MORGAN INC,KMI
029791,000003,20001212,20110117,S&P 500 Comp-Ltd,I0003,QLOGIC CORP,QLGC
065904,000003,20010102,20060517,S&P 500 Comp-Ltd,I0003,APPLIED MICRO CIRCUITS CORP,AMCC
011925,000003,20010116,20090326,S&P 500 Comp-Ltd,I0003,NOBLE CORP PLC,NE
028195,000003,20010130,,S&P 500 Comp-Ltd,I0003,JABIL CIRCUIT INC,JBL
063669,000003,20010207,20070328,S&P 500 Comp-Ltd,I0003,UNIVISION COMMUNICATIONS INC,5952B
135484,000003,20010227,,S&P 500 Comp-Ltd,I0003,FRONTIER COMMUNICATIONS CORP,FTR
003062,000003,20010301,,S&P 500 Comp-Ltd,I0003,CINTAS CORP,CTAS
012635,000003,20010402,,S&P 500 Comp-Ltd,I0003,FISERV INC,FISV
003373,000003,20010402,20040226,S&P 500 Comp-Ltd,I0003,CONCORD EFS INC,CE.2
140033,000003,20010403,20030716,S&P 500 Comp-Ltd,I0003,GENON ENERGY INC,GEN
119417,000003,20010514,20100228,S&P 500 Comp-Ltd,I0003,PEPSI BOTTLING GROUP INC,PBG
064156,000003,20010604,20111218,S&P 500 Comp-Ltd,I0003,MONSTER WORLDWIDE INC,MWW
011687,000003,20010625,,S&P 500 Comp-Ltd,I0003,ZIONS BANCORPORATION,ZION
128659,000003,20010628,20040428,S&P 500 Comp-Ltd,I0003,HANCOCK JOHN FINL SVCS INC,JHF
144066,000003,20010702,,S&P 500 Comp-Ltd,I0003,ROCKWELL COLLINS INC,COL
134845,000003,20010709,20041026,S&P 500 Comp-Ltd,I0003,AT&T WIRELESS SERVICES INC,AWE.2
023943,000003,20010803,20070701,S&P 500 Comp-Ltd,I0003,PMC-SIERRA INC,PMCS
004560,000003,20010806,,S&P 500 Comp-Ltd,I0003,FAMILY DOLLAR STORES,FDO
144559,000003,20010807,,S&P 500 Comp-Ltd,I0003,ZIMMER HOLDINGS INC,ZMH
031673,000003,20010830,,S&P 500 Comp-Ltd,I0003,AMERISOURCEBERGEN CORP,ABC
064356,000003,20010830,20091220,S&P 500 Comp-Ltd,I0003,CIENA CORP,CIEN
024318,000003,20010904,,S&P 500 Comp-Ltd,I0003,XL GROUP PLC,XL
006097,000003,20010904,20140622,S&P 500 Comp-Ltd,I0003,INTL GAME TECHNOLOGY,IGT
005885,000003,20010921,20020716,S&P 500 Comp-Ltd,I0003,IMMUNEX CORP,IMNX
010277,000003,20011010,,S&P 500 Comp-Ltd,I0003,TECO ENERGY INC,TE
065048,000003,20011010,20070211,S&P 500 Comp-Ltd,I0003,EQUITY OFFICE PROPERTIES TR,EOP
012338,000003,20011107,20070301,S&P 500 Comp-Ltd,I0003,HEALTH MANAGEMENT ASSOC,HMA
117768,000003,20011130,,S&P 500 Comp-Ltd,I0003,NVIDIA CORP,NVDA
028733,000003,20011203,,S&P 500 Comp-Ltd,I0003,EQUITY RESIDENTIAL,EQR
012233,000003,20011214,20110403,S&P 500 Comp-Ltd,I0003,GENZYME CORP,GENZ
024032,000003,20011217,20090303,S&P 500 Comp-Ltd,I0003,JONES GROUP INC,JNY
061574,000003,20020102,,S&P 500 Comp-Ltd,I0003,WATERS CORP,WAT
015709,000003,20020117,,S&P 500 Comp-Ltd,I0003,PLUM CREEK TIMBER CO INC,PCL
028034,000003,20020130,20080717,S&P 500 Comp-Ltd,I0003,ACE LTD,ACE
011135,000003,20020201,20030223,S&P 500 Comp-Ltd,I0003,RATIONAL SOFTWARE CORP,RATL
007067,000003,20020211,20110705,S&P 500 Comp-Ltd,I0003,MARSHALL & ILSLEY CORP,MI.
004737,000003,20020506,20130623,S&P 500 Comp-Ltd,I0003,FIRST HORIZON NATIONAL CORP,FHN
001567,000003,20020513,20080605,S&P 500 Comp-Ltd,I0003,TRANE INC,TT.2
022794,000003,20020515,20100429,S&P 500 Comp-Ltd,I0003,BJ SERVICES CO,BJS
031122,000003,20020515,20130630,S&P 500 Comp-Ltd,I0003,APOLLO EDUCATION GROUP INC,APOL
029389,000003,20020626,,S&P 500 Comp-Ltd,I0003,SIMON PROPERTY GROUP INC,SPG
015202,000003,20020717,20061130,S&P 500 Comp-Ltd,I0003,NORTH FORK BANCORPORATION,NFB
010920,000003,20020722,,S&P 500 Comp-Ltd,I0003,UNITED PARCEL SERVICE INC,UPS
016721,000003,20020722,,S&P 500 Comp-Ltd,I0003,ELECTRONIC ARTS INC,EA
114524,000003,20020722,,S&P 500 Comp-Ltd,I0003,EBAY INC,EBAY
114628,000003,20020722,,S&P 500 Comp-Ltd,I0003,GOLDMAN SACHS GROUP INC,GS
143356,000003,20020722,,S&P 500 Comp-Ltd,I0003,PRUDENTIAL FINANCIAL INC,PRU
145701,000003,20020722,,S&P 500 Comp-Ltd,I0003,PRINCIPAL FINANCIAL GRP INC,PFG
012144,000003,20020722,20050811,S&P 500 Comp-Ltd,I0003,SUNGARD DATA SYSTEMS INC,0139A
145046,000003,20020725,,S&P 500 Comp-Ltd,I0003,WELLPOINT INC,WLP
140760,000003,20020814,,S&P 500 Comp-Ltd,I0003,MONSANTO CO,MON
062689,000003,20020821,20040504,S&P 500 Comp-Ltd,I0003,TRAVELERS COS INC,TRV
120877,000003,20020904,,S&P 500 Comp-Ltd,I0003,REYNOLDS AMERICAN INC,RAI
003226,000003,20021119,,S&P 500 Comp-Ltd,I0003,COMCAST CORP,CMCSA
064166,000003,20021212,,S&P 500 Comp-Ltd,I0003,QUEST DIAGNOSTICS INC,DGX
009063,000003,20030224,,S&P 500 Comp-Ltd,I0003,AUTONATION INC,AN
030490,000003,20030314,,S&P 500 Comp-Ltd,I0003,APARTMENT INVST & MGMT CO,AIV
007146,000003,20030321,,S&P 500 Comp-Ltd,I0003,MCCORMICK & CO INC,MKC
015855,000003,20030331,,S&P 500 Comp-Ltd,I0003,SYMANTEC CORP,SYMC
066731,000003,20030416,20130101,S&P 500 Comp-Ltd,I0003,FEDERATED INVESTORS INC,FII
029984,000003,20030717,,S&P 500 Comp-Ltd,I0003,PROLOGIS INC,PLD
007186,000003,20030820,20120403,S&P 500 Comp-Ltd,I0003,MEDCO HEALTH SOLUTIONS INC,MHS
025356,000003,20030926,,S&P 500 Comp-Ltd,I0003,EXPRESS SCRIPTS HOLDING CO,ESRX
024468,000003,20031113,,S&P 500 Comp-Ltd,I0003,BIOGEN IDEC INC,BIIB
004699,000003,20040227,,S&P 500 Comp-Ltd,I0003,M & T BANK CORP,MTB
031549,000003,20040325,20070322,S&P 500 Comp-Ltd,I0003,CAREMARK RX INC,CMX.1
063501,000003,20040401,,S&P 500 Comp-Ltd,I0003,E TRADE FINANCIAL CORP,ETFC
030697,000003,20040402,20100207,S&P 500 Comp-Ltd,I0003,AFFILIATED COMPUTER SERVICES,ACS
007637,000003,20040423,,S&P 500 Comp-Ltd,I0003,MYLAN INC,MYL
015247,000003,20040429,,S&P 500 Comp-Ltd,I0003,VALERO ENERGY CORP,VLO
160255,000003,20040503,,S&P 500 Comp-Ltd,I0003,HOSPIRA INC,HSP
062689,000003,20040505,,S&P 500 Comp-Ltd,I0003,TRAVELERS COS INC,TRV
024856,000003,20040701,,S&P 500 Comp-Ltd,I0003,GILEAD SCIENCES INC,GILD
017130,000003,20040701,20090129,S&P 500 Comp-Ltd,I0003,SANTANDER HOLDINGS USA INC,STD2
013204,000003,20040803,20061109,S&P 500 Comp-Ltd,I0003,FISHER SCIENTIFIC INTL INC,FSH.2
140541,000003,20040901,,S&P 500 Comp-Ltd,I0003,COACH INC,COH
149738,000003,20041027,20090726,S&P 500 Comp-Ltd,I0003,CIT GROUP INC,CIT
014960,000003,20041101,,S&P 500 Comp-Ltd,I0003,LABORATORY CP OF AMER HLDGS,LH
110685,000003,20041201,,S&P 500 Comp-Ltd,I0003,L-3 COMMUNICATIONS HLDGS INC,LLL
157858,000003,20041203,20061203,S&P 500 Comp-Ltd,I0003,FREESCALE SEMICONDUCTOR INC,BX1
012886,000003,20041220,,S&P 500 Comp-Ltd,I0003,TWENTY-FIRST CENTURY FOX INC,FOXA
002849,000003,20041220,20070906,S&P 500 Comp-Ltd,I0003,BBVA COMPASS BANCSHARES INC,BBVA1
008787,000003,20041220,20071007,S&P 500 Comp-Ltd,I0003,ARCHSTONE INC-REDH,ASN
028256,000003,20041229,20100627,S&P 500 Comp-Ltd,I0003,XTO ENERGY INC,XTO
063892,000003,20050314,,S&P 500 Comp-Ltd,I0003,NATIONAL OILWELL VARCO INC,NOV
006307,000003,20050328,20120904,S&P 500 Comp-Ltd,I0003,SEARS HOLDINGS CORP,SHLD
002710,000003,20050705,,S&P 500 Comp-Ltd,I0003,CONSTELLATION BRANDS,STZ
025340,000003,20050705,,S&P 500 Comp-Ltd,I0003,D R HORTON INC,DHI
004367,000003,20050722,20090225,S&P 500 Comp-Ltd,I0003,WEATHERFORD INTL PLC,WFT
010793,000003,20050811,,S&P 500 Comp-Ltd,I0003,TYSON FOODS INC  -CL A,TSN
011220,000003,20050812,,S&P 500 Comp-Ltd,I0003,VORNADO REALTY TRUST,VNO
007620,000003,20050815,,S&P 500 Comp-Ltd,I0003,MURPHY OIL CORP,MUR
010096,000003,20050819,,S&P 500 Comp-Ltd,I0003,PUBLIC STORAGE,PSA
023877,000003,20050830,20130508,S&P 500 Comp-Ltd,I0003,COVENTRY HEALTH CARE INC,CVH
164708,000003,20051003,,S&P 500 Comp-Ltd,I0003,AMERIPRISE FINANCIAL INC,AMP
006669,000003,20051004,,S&P 500 Comp-Ltd,I0003,LENNAR CORP,LEN
025880,000003,20051011,,S&P 500 Comp-Ltd,I0003,PATTERSON COMPANIES INC,PDCO
064768,000003,20051121,,S&P 500 Comp-Ltd,I0003,AMAZON.COM INC,AMZN
158354,000003,20051202,,S&P 500 Comp-Ltd,I0003,GENWORTH FINANCIAL INC,GNW
014535,000003,20051220,20080630,S&P 500 Comp-Ltd,I0003,EW SCRIPPS  -CL A,SSP
024893,000003,20060103,,S&P 500 Comp-Ltd,I0003,WHOLE FOODS MARKET INC,WFM
165675,000003,20060103,,S&P 500 Comp-Ltd,I0003,VIACOM INC,VIAB
061567,000003,20060105,,S&P 500 Comp-Ltd,I0003,LAUDER (ESTEE) COS INC -CL A,EL
012788,000003,20060201,,S&P 500 Comp-Ltd,I0003,HARMAN INTERNATIONAL INDS,HAR
066368,000003,20060201,,S&P 500 Comp-Ltd,I0003,VERISIGN INC,VRSN
013365,000003,20060227,20081222,S&P 500 Comp-Ltd,I0003,BARR PHARMACEUTICALS INC,BRL
027786,000003,20060303,,S&P 500 Comp-Ltd,I0003,CHESAPEAKE ENERGY CORP,CHK
024731,000003,20060403,,S&P 500 Comp-Ltd,I0003,KIMCO REALTY CORP,KIM
064925,000003,20060403,,S&P 500 Comp-Ltd,I0003,BOSTON PROPERTIES INC,BXP
160329,000003,20060403,,S&P 500 Comp-Ltd,I0003,GOOGLE INC,GOOG
062655,000003,20060403,20130523,S&P 500 Comp-Ltd,I0003,DEAN FOODS CO,DF
061513,000003,20060420,,S&P 500 Comp-Ltd,I0003,SANDISK CORP,SNDK
006653,000003,20060424,,S&P 500 Comp-Ltd,I0003,LEGG MASON INC,LM
174130,000003,20060518,20090630,S&P 500 Comp-Ltd,I0003,EMBARQ CORP,EQ
121718,000003,20060602,,S&P 500 Comp-Ltd,I0003,JUNIPER NETWORKS INC,JNPR
016784,000003,20060606,20080330,S&P 500 Comp-Ltd,I0003,COMMERCE BANCORP INC/NJ,CBH.1
120093,000003,20060628,,S&P 500 Comp-Ltd,I0003,CONSOL ENERGY INC,CNX
174490,000003,20060718,,S&P 500 Comp-Ltd,I0003,WINDSTREAM HOLDINGS INC,WIN
174729,000003,20060801,,S&P 500 Comp-Ltd,I0003,WYNDHAM WORLDWIDE CORP,WYN
174022,000003,20060801,20070409,S&P 500 Comp-Ltd,I0003,REALOGY HOLDINGS CORP,RLGY
149070,000003,20060811,,S&P 500 Comp-Ltd,I0003,CME GROUP INC,CME
175263,000003,20061002,,S&P 500 Comp-Ltd,I0003,WESTERN UNION CO,WU
009772,000003,20061002,20100826,S&P 500 Comp-Ltd,I0003,SMITH INTERNATIONAL INC,SII
013599,000003,20061106,,S&P 500 Comp-Ltd,I0003,CELGENE CORP,CELG
165993,000003,20061110,,S&P 500 Comp-Ltd,I0003,FIDELITY NATIONAL INFO SVCS,FIS
260774,000003,20061110,,S&P 500 Comp-Ltd,I0003,CBRE GROUP INC,CBG
111864,000003,20061117,,S&P 500 Comp-Ltd,I0003,COGNIZANT TECH SOLUTIONS,CTSH
142460,000003,20061120,20140921,S&P 500 Comp-Ltd,I0003,PEABODY ENERGY CORP,BTU
026061,000003,20061201,20080820,S&P 500 Comp-Ltd,I0003,IAC/INTERACTIVECORP,IACI
008873,000003,20061201,20100630,S&P 500 Comp-Ltd,I0003,QUESTAR CORP,STR
012206,000003,20061204,,S&P 500 Comp-Ltd,I0003,DIRECTV,DTV
007991,000003,20061220,20081105,S&P 500 Comp-Ltd,I0003,TEREX CORP,TEX
176282,000003,20070103,,S&P 500 Comp-Ltd,I0003,SPECTRA ENERGY CORP,SE
002270,000003,20070104,20091222,S&P 500 Comp-Ltd,I0003,ENSCO PLC,ESV
029875,000003,20070110,,S&P 500 Comp-Ltd,I0003,AVALONBAY COMMUNITIES INC,AVB
064891,000003,20070202,,S&P 500 Comp-Ltd,I0003,RALPH LAUREN CORP,RL
011115,000003,20070212,,S&P 500 Comp-Ltd,I0003,VARIAN MEDICAL SYSTEMS INC,VAR
122015,000003,20070215,,S&P 500 Comp-Ltd,I0003,HUDSON CITY BANCORP INC,HCBK
011555,000003,20070222,,S&P 500 Comp-Ltd,I0003,INTEGRYS ENERGY GROUP INC,TEG
065609,000003,20070302,,S&P 500 Comp-Ltd,I0003,C H ROBINSON WORLDWIDE INC,CHRW
007063,000003,20070320,,S&P 500 Comp-Ltd,I0003,HOST HOTELS & RESORTS INC,HST
027780,000003,20070323,20090329,S&P 500 Comp-Ltd,I0003,DDR CORP,DDR
063643,000003,20070329,20131222,S&P 500 Comp-Ltd,I0003,ABERCROMBIE & FITCH  -CL A,ANF
142953,000003,20070402,,S&P 500 Comp-Ltd,I0003,MONDELEZ INTERNATIONAL INC,MDLZ
157057,000003,20070410,,S&P 500 Comp-Ltd,I0003,ASSURANT INC,AIZ
060992,000003,20070531,20111218,S&P 500 Comp-Ltd,I0003,SUNEDISON INC,SUNE
008717,000003,20070601,,S&P 500 Comp-Ltd,I0003,PRECISION CASTPARTS CORP,PCP
177376,000003,20070702,,S&P 500 Comp-Ltd,I0003,DISCOVER FINANCIAL SVCS INC,DFS
028119,000003,20070702,20081112,S&P 500 Comp-Ltd,I0003,GENERAL GROWTH PPTYS INC,GGP
177264,000003,20070702,20090604,S&P 500 Comp-Ltd,I0003,COVIDIEN PLC,COV
177267,000003,20070702,20090625,S&P 500 Comp-Ltd,I0003,TE CONNECTIVITY LTD,TEL
065345,000003,20070709,20090303,S&P 500 Comp-Ltd,I0003,AMERICAN CAPITAL LTD,ACAS
125595,000003,20070712,,S&P 500 Comp-Ltd,I0003,AKAMAI TECHNOLOGIES INC,AKAM
006682,000003,20070827,,S&P 500 Comp-Ltd,I0003,LEUCADIA NATIONAL CORP,LUK
027965,000003,20070907,,S&P 500 Comp-Ltd,I0003,MICROCHIP TECHNOLOGY INC,MCHP
163610,000003,20070926,,S&P 500 Comp-Ltd,I0003,INTERCONTINENTAL EXCHANGE,ICE
010466,000003,20070927,,S&P 500 Comp-Ltd,I0003,TESORO CORP,TSO
178310,000003,20071001,,S&P 500 Comp-Ltd,I0003,TERADATA CORP,TDC
126296,000003,20071002,,S&P 500 Comp-Ltd,I0003,EXPEDIA INC,EXPE
007912,000003,20071008,,S&P 500 Comp-Ltd,I0003,NOBLE ENERGY INC,NBL
004494,000003,20071010,,S&P 500 Comp-Ltd,I0003,EXPEDITORS INTL WASH INC,EXPD
166451,000003,20071025,20131112,S&P 500 Comp-Ltd,I0003,NYSE EURONEXT,NYX
006216,000003,20071026,,S&P 500 Comp-Ltd,I0003,JACOBS ENGINEERING GROUP INC,JEC
062984,000003,20071029,20121223,S&P 500 Comp-Ltd,I0003,TITANIUM METALS CORP,TIE
008694,000003,20071109,,S&P 500 Comp-Ltd,I0003,PEPCO HOLDINGS INC,POM
006994,000003,20071116,20090831,S&P 500 Comp-Ltd,I0003,MANITOWOC CO,MTW
105365,000003,20071119,,S&P 500 Comp-Ltd,I0003,AMERICAN TOWER CORP,AMT
145049,000003,20071214,,S&P 500 Comp-Ltd,I0003,GAMESTOP CORP,GME
006788,000003,20071221,,S&P 500 Comp-Ltd,I0003,RANGE RESOURCES CORP,RRC
011300,000003,20071231,20140921,S&P 500 Comp-Ltd,I0003,GRAHAM HOLDINGS CO,GHC
010631,000003,20080102,,S&P 500 Comp-Ltd,I0003,TOTAL SYSTEM SERVICES INC,TSS
060894,000003,20080129,,S&P 500 Comp-Ltd,I0003,CAMERON INTERNATIONAL CORP,CAM
013125,000003,20080331,,S&P 500 Comp-Ltd,I0003,HCP INC,HCP
179621,000003,20080331,,S&P 500 Comp-Ltd,I0003,PHILIP MORRIS INTERNATIONAL,PM
136725,000003,20080602,,S&P 500 Comp-Ltd,I0003,INTUITIVE SURGICAL INC,ISRG
009904,000003,20080606,,S&P 500 Comp-Ltd,I0003,SOUTHWESTERN ENERGY CO,SWN
147175,000003,20080611,,S&P 500 Comp-Ltd,I0003,LORILLARD INC,LO
020548,000003,20080623,,S&P 500 Comp-Ltd,I0003,CABOT OIL & GAS CORP,COG
141400,000003,20080623,20110601,S&P 500 Comp-Ltd,I0003,MASSEY ENERGY CO,MEE
180167,000003,20080701,,S&P 500 Comp-Ltd,I0003,SCRIPPS NETWORKS INTERACTIVE,SNI
029968,000003,20080701,20111218,S&P 500 Comp-Ltd,I0003,AK STEEL HOLDING CORP,AKS
160225,000003,20080718,,S&P 500 Comp-Ltd,I0003,MASTERCARD INC,MA
061483,000003,20080731,,S&P 500 Comp-Ltd,I0003,DAVITA HEALTHCARE PARTNERS,DVA
029804,000003,20080821,,S&P 500 Comp-Ltd,I0003,INVESCO LTD,IVZ
163946,000003,20080827,,S&P 500 Comp-Ltd,I0003,CF INDUSTRIES HOLDINGS INC,CF
014225,000003,20080915,,S&P 500 Comp-Ltd,I0003,FASTENAL CO,FAST
157855,000003,20080915,,S&P 500 Comp-Ltd,I0003,SALESFORCE.COM INC,CRM
005492,000003,20080922,,S&P 500 Comp-Ltd,I0003,HARRIS CORP,HRS
014359,000003,20080924,,S&P 500 Comp-Ltd,I0003,PIONEER NATURAL RESOURCES CO,PXD
014282,000003,20080930,,S&P 500 Comp-Ltd,I0003,AMPHENOL CORP,APH
004108,000003,20081002,,S&P 500 Comp-Ltd,I0003,FLOWSERVE CORP,FLS
179700,000003,20081007,,S&P 500 Comp-Ltd,I0003,DR PEPPER SNAPPLE GROUP INC,DPS
149337,000003,20081022,,S&P 500 Comp-Ltd,I0003,NASDAQ OMX GROUP INC,NDAQ
011550,000003,20081031,,S&P 500 Comp-Ltd,I0003,WISCONSIN ENERGY CORP,WEC
009777,000003,20081106,,S&P 500 Comp-Ltd,I0003,SMUCKER (JM) CO,SJM
016245,000003,20081113,,S&P 500 Comp-Ltd,I0003,PEOPLE'S UNITED FINL INC,PBCT
013700,000003,20081114,,S&P 500 Comp-Ltd,I0003,DENTSPLY INTERNATL INC,XRAY
149318,000003,20081114,,S&P 500 Comp-Ltd,I0003,WYNN RESORTS LTD,WYNN
023945,000003,20081117,20111016,S&P 500 Comp-Ltd,I0003,CEPHALON INC,CEPH
063527,000003,20081119,,S&P 500 Comp-Ltd,I0003,STERICYCLE INC,SRCL
118577,000003,20081124,20140123,S&P 500 Comp-Ltd,I0003,LIFE TECHNOLOGIES CORP,LIFE
004094,000003,20081202,,S&P 500 Comp-Ltd,I0003,DUN & BRADSTREET CORP,DNB
112168,000003,20081205,,S&P 500 Comp-Ltd,I0003,REPUBLIC SERVICES INC,RSG
004430,000003,20081219,,S&P 500 Comp-Ltd,I0003,EQT CORP,EQT
025783,000003,20081223,20110228,S&P 500 Comp-Ltd,I0003,MCAFEE INC,MFE
008215,000003,20090102,,S&P 500 Comp-Ltd,I0003,OWENS-ILLINOIS INC,OI
009445,000003,20090102,,S&P 500 Comp-Ltd,I0003,SCANA CORP,SCG
028477,000003,20090102,,S&P 500 Comp-Ltd,I0003,FLIR SYSTEMS INC,FLIR
062374,000003,20090106,,S&P 500 Comp-Ltd,I0003,IRON MOUNTAIN INC,IRM
005543,000003,20090130,,S&P 500 Comp-Ltd,I0003,HEALTH CARE REIT INC,HCN
061409,000003,20090226,,S&P 500 Comp-Ltd,I0003,DIAMOND OFFSHRE DRILLING INC,DO
005709,000003,20090304,,S&P 500 Comp-Ltd,I0003,HORMEL FOODS CORP,HRL
110179,000003,20090304,,S&P 500 Comp-Ltd,I0003,VENTAS INC,VTR
007970,000003,20090317,,S&P 500 Comp-Ltd,I0003,NORTHEAST UTILITIES,NU
028180,000003,20090327,,S&P 500 Comp-Ltd,I0003,O'REILLY AUTOMOTIVE INC,ORLY
176404,000003,20090330,,S&P 500 Comp-Ltd,I0003,TIME WARNER CABLE INC,TWC
020653,000003,20090402,,S&P 500 Comp-Ltd,I0003,DENBURY RESOURCES INC,DNR
142811,000003,20090605,,S&P 500 Comp-Ltd,I0003,FMC TECHNOLOGIES INC,FTI
003905,000003,20090609,20120930,S&P 500 Comp-Ltd,I0003,DEVRY EDUCATION GROUP INC,DV
160256,000003,20090630,20130430,S&P 500 Comp-Ltd,I0003,METROPCS COMMUNICATIONS INC,PCS
011399,000003,20090701,,S&P 500 Comp-Ltd,I0003,WESTERN DIGITAL CORP,WDC
066446,000003,20090701,,S&P 500 Comp-Ltd,I0003,QUANTA SERVICES INC,PWR
122841,000003,20090727,,S&P 500 Comp-Ltd,I0003,RED HAT INC,RHT
004510,000003,20090819,,S&P 500 Comp-Ltd,I0003,FMC CORP,FMC
183257,000003,20090901,,S&P 500 Comp-Ltd,I0003,CAREFUSION CORP,CFN
012950,000003,20090909,,S&P 500 Comp-Ltd,I0003,AIRGAS INC,ARG
175404,000003,20091016,,S&P 500 Comp-Ltd,I0003,FIRST SOLAR INC,FSLR
119314,000003,20091106,,S&P 500 Comp-Ltd,I0003,PRICELINE GROUP INC,PCLN
009248,000003,20091221,,S&P 500 Comp-Ltd,I0003,ROSS STORES INC,ROST
179534,000003,20091221,,S&P 500 Comp-Ltd,I0003,VISA INC,V
180833,000003,20091221,,S&P 500 Comp-Ltd,I0003,MEAD JOHNSON NUTRITION CO,MJN
165123,000003,20091221,20130922,S&P 500 Comp-Ltd,I0003,LEIDOS HOLDINGS INC,LDOS
003107,000003,20091221,20140401,S&P 500 Comp-Ltd,I0003,CLIFFS NATURAL RESOURCES INC,CLF
024925,000003,20091223,,S&P 500 Comp-Ltd,I0003,ROPER INDUSTRIES INC/DE,ROP
135990,000003,20100129,,S&P 500 Comp-Ltd,I0003,NRG ENERGY INC,NRG
029150,000003,20100208,,S&P 500 Comp-Ltd,I0003,URBAN OUTFITTERS INC,URBN
002176,000003,20100216,,S&P 500 Comp-Ltd,I0003,BERKSHIRE HATHAWAY,BRK.B
005581,000003,20100301,,S&P 500 Comp-Ltd,I0003,HELMERICH & PAYNE,HP
164296,000003,20100301,,S&P 500 Comp-Ltd,I0003,DISCOVERY COMMUNICATIONS INC,DISCA
008151,000003,20100315,,S&P 500 Comp-Ltd,I0003,ONEOK INC,OKE
012850,000003,20100430,,S&P 500 Comp-Ltd,I0003,CERNER CORP,CERN
064410,000003,20100628,,S&P 500 Comp-Ltd,I0003,CARMAX INC,KMX
154357,000003,20100701,,S&P 500 Comp-Ltd,I0003,QEP RESOURCES INC,QEP
028034,000003,20100715,,S&P 500 Comp-Ltd,I0003,ACE LTD,ACE
010787,000003,20100827,,S&P 500 Comp-Ltd,I0003,TYCO INTERNATIONAL LTD,TYC
005959,000003,20101117,,S&P 500 Comp-Ltd,I0003,INGERSOLL-RAND PLC,IR
012485,000003,20101220,,S&P 500 Comp-Ltd,I0003,CABLEVISION SYS CORP  -CL A,CVC
029173,000003,20101220,,S&P 500 Comp-Ltd,I0003,NEWFIELD EXPLORATION CO,NFX
121077,000003,20101220,,S&P 500 Comp-Ltd,I0003,F5 NETWORKS INC,FFIV
147579,000003,20101220,,S&P 500 Comp-Ltd,I0003,NETFLIX INC,NFLX
186106,000003,20110104,20120524,S&P 500 Comp-Ltd,I0003,MOTOROLA MOBILITY HLDGS INC,MMI.3
011925,000003,20110118,,S&P 500 Comp-Ltd,I0003,NOBLE CORP PLC,NE
013003,000003,20110228,,S&P 500 Comp-Ltd,I0003,JOY GLOBAL INC,JOY
177264,000003,20110301,,S&P 500 Comp-Ltd,I0003,COVIDIEN PLC,COV
133366,000003,20110401,,S&P 500 Comp-Ltd,I0003,EDWARDS LIFESCIENCES CORP,EW
124434,000003,20110404,,S&P 500 Comp-Ltd,I0003,BLACKROCK INC,BLK
165914,000003,20110428,,S&P 500 Comp-Ltd,I0003,CHIPOTLE MEXICAN GRILL INC,CMG
162448,000003,20110602,20121001,S&P 500 Comp-Ltd,I0003,ALPHA NATURAL RESOURCES INC,ANR
186989,000003,20110701,,S&P 500 Comp-Ltd,I0003,MARATHON PETROLEUM CORP,MPC
143357,000003,20110706,,S&P 500 Comp-Ltd,I0003,ACCENTURE PLC,ACN
162129,000003,20110926,,S&P 500 Comp-Ltd,I0003,MOSAIC CO,MOS
177267,000003,20111017,,S&P 500 Comp-Ltd,I0003,TE CONNECTIVITY LTD,TEL
189491,000003,20111101,,S&P 500 Comp-Ltd,I0003,XYLEM INC,XYL
003497,000003,20111123,20121202,S&P 500 Comp-Ltd,I0003,COOPER INDUSTRIES PLC,CBE
001837,000003,20111213,,S&P 500 Comp-Ltd,I0003,AGL RESOURCES INC,GAS
024782,000003,20111219,,S&P 500 Comp-Ltd,I0003,PERRIGO CO PLC,PRGO
028742,000003,20111219,,S&P 500 Comp-Ltd,I0003,BORGWARNER INC,BWA
031587,000003,20111219,,S&P 500 Comp-Ltd,I0003,DOLLAR TREE INC,DLTR
199356,000003,20111221,,S&P 500 Comp-Ltd,I0003,TRIPADVISOR INC,TRIP
187128,000003,20120103,20140323,S&P 500 Comp-Ltd,I0003,WPX ENERGY INC,WPX
113490,000003,20120314,,S&P 500 Comp-Ltd,I0003,CROWN CASTLE INTL CORP,CCI
028118,000003,20120404,,S&P 500 Comp-Ltd,I0003,FOSSIL GROUP INC,FOSL
170841,000003,20120501,,S&P 500 Comp-Ltd,I0003,PHILLIPS 66,PSX
006310,000003,20120525,,S&P 500 Comp-Ltd,I0003,KINDER MORGAN INC,KMI
062263,000003,20120525,,S&P 500 Comp-Ltd,I0003,ALEXION PHARMACEUTICALS INC,ALXN
006565,000003,20120605,,S&P 500 Comp-Ltd,I0003,LAM RESEARCH CORP,LRCX
024316,000003,20120629,,S&P 500 Comp-Ltd,I0003,MONSTER BEVERAGE CORP,MNST
150937,000003,20120702,,S&P 500 Comp-Ltd,I0003,SEAGATE TECHNOLOGY PLC,STX
002270,000003,20120731,,S&P 500 Comp-Ltd,I0003,ENSCO PLC,ESV
294524,000003,20120905,,S&P 500 Comp-Ltd,I0003,LYONDELLBASELL INDUSTRIES NV,LYB
008463,000003,20121001,,S&P 500 Comp-Ltd,I0003,PENTAIR PLC,PNR
014438,000003,20121001,,S&P 500 Comp-Ltd,I0003,ADT CORP,ADT
012978,000003,20121002,,S&P 500 Comp-Ltd,I0003,KRAFT FOODS GROUP INC,KRFT
028648,000003,20121005,,S&P 500 Comp-Ltd,I0003,PETSMART INC,PETM
004016,000003,20121203,,S&P 500 Comp-Ltd,I0003,DOLLAR GENERAL CORP,DG
141459,000003,20121212,,S&P 500 Comp-Ltd,I0003,GARMIN LTD,GRMN
118122,000003,20121224,,S&P 500 Comp-Ltd,I0003,DELPHI AUTOMOTIVE PLC,DLPH
016101,000003,20130102,,S&P 500 Comp-Ltd,I0003,ABBVIE INC,ABBV
008551,000003,20130214,,S&P 500 Comp-Ltd,I0003,PVH CORP,PVH
023812,000003,20130501,,S&P 500 Comp-Ltd,I0003,REGENERON PHARMACEUTICALS,REGN
029868,000003,20130509,,S&P 500 Comp-Ltd,I0003,MACERICH CO,MAC
006335,000003,20130524,,S&P 500 Comp-Ltd,I0003,KANSAS CITY SOUTHERN,KSU
005073,000003,20130607,,S&P 500 Comp-Ltd,I0003,GENERAL MOTORS CO,GM
013721,000003,20130624,,S&P 500 Comp-Ltd,I0003,ZOETIS INC,ZTS
018043,000003,20130701,,S&P 500 Comp-Ltd,I0003,NEWS CORP,NWSA
100873,000003,20130709,,S&P 500 Comp-Ltd,I0003,NIELSEN HOLDINGS NV,NLSN
003851,000003,20130911,,S&P 500 Comp-Ltd,I0003,DELTA AIR LINES INC,DAL
001598,000003,20130923,,S&P 500 Comp-Ltd,I0003,AMETEK INC,AME
024344,000003,20130923,,S&P 500 Comp-Ltd,I0003,VERTEX PHARMACEUTICALS INC,VRTX
028338,000003,20131029,,S&P 500 Comp-Ltd,I0003,TRANSOCEAN LTD,RIG
198058,000003,20131113,,S&P 500 Comp-Ltd,I0003,MICHAEL KORS HOLDINGS LTD,KORS
316056,000003,20131202,,S&P 500 Comp-Ltd,I0003,ALLEGION PLC,ALLE
028119,000003,20131210,,S&P 500 Comp-Ltd,I0003,GENERAL GROWTH PPTYS INC,GGP
025119,000003,20131223,,S&P 500 Comp-Ltd,I0003,MOHAWK INDUSTRIES INC,MHK
143974,000003,20131223,,S&P 500 Comp-Ltd,I0003,ALLIANCE DATA SYSTEMS CORP,ADS
170617,000003,20131223,,S&P 500 Comp-Ltd,I0003,FACEBOOK INC,FB
029736,000003,20140124,,S&P 500 Comp-Ltd,I0003,TRACTOR SUPPLY CO,TSCO
028877,000003,20140324,,S&P 500 Comp-Ltd,I0003,KEURIG GREEN MOUNTAIN INC,GMCR
030293,000003,20140402,,S&P 500 Comp-Ltd,I0003,ESSEX PROPERTY TRUST,ESS
160329,000003,20140403,,S&P 500 Comp-Ltd,I0003,GOOGLE INC,GOOG
165052,000003,20140501,,S&P 500 Comp-Ltd,I0003,UNDER ARMOUR INC,UA
180711,000003,20140508,,S&P 500 Comp-Ltd,I0003,AVAGO TECHNOLOGIES LTD,AVGO
150699,000003,20140623,,S&P 500 Comp-Ltd,I0003,CIMAREX ENERGY CO,XEC
065886,000003,20140701,,S&P 500 Comp-Ltd,I0003,AFFILIATED MANAGERS GRP INC,AMG
029733,000003,20140702,,S&P 500 Comp-Ltd,I0003,MARTIN MARIETTA MATERIALS,MLM
164296,000003,20140807,,S&P 500 Comp-Ltd,I0003,DISCOVERY COMMUNICATIONS INC,DISCA
018086,000003,20140819,,S&P 500 Comp-Ltd,I0003,MALLINCKRODT PLC,MNK
011032,000003,20140922,,S&P 500 Comp-Ltd,I0003,UNIVERSAL HEALTH SVCS INC,UHS
066065,000003,20140922,,S&P 500 Comp-Ltd,I0003,UNITED RENTALS INC,URI
